1,Adrex,Dragonborn,Male,,FALSE,TRUE,FALSE,FALSE,
2,Erjhan,Dragonborn,Male,,FALSE,TRUE,FALSE,FALSE,
3,Azzakh,Dragonborn,Male,,FALSE,TRUE,FALSE,FALSE,
4,Balasar,Dragonborn,Male,,FALSE,TRUE,FALSE,FALSE,
5,Baradad,Dragonborn,Male,,FALSE,TRUE,FALSE,FALSE,
6,Bharash,Dragonborn,Male,,FALSE,TRUE,FALSE,FALSE,
7,Bidreked,Dragonborn,Male,,FALSE,TRUE,FALSE,FALSE,
8,Dadalan,Dragonborn,Male,,FALSE,TRUE,FALSE,FALSE,
9,Dazzazn,Dragonborn,Male,,FALSE,TRUE,FALSE,FALSE,
10,Direcris,Dragonborn,Male,,FALSE,TRUE,FALSE,FALSE,
11,Donaar,Dragonborn,Male,,FALSE,TRUE,FALSE,FALSE,
12,Fax,Dragonborn,Male,,FALSE,TRUE,FALSE,FALSE,
13,Gargax,Dragonborn,Male,,FALSE,TRUE,FALSE,FALSE,
14,Ghesh,Dragonborn,Male,,FALSE,TRUE,FALSE,FALSE,
15,Gorbundus,Dragonborn,Male,,FALSE,TRUE,FALSE,FALSE,
16,Greethen,Dragonborn,Male,,FALSE,TRUE,FALSE,FALSE,
17,Heskan,Dragonborn,Male,,FALSE,TRUE,FALSE,FALSE,
18,Hirrathak,Dragonborn,Male,,FALSE,TRUE,FALSE,FALSE,
19,Ildrex,Dragonborn,Male,,FALSE,TRUE,FALSE,FALSE,
20,Kaladan,Dragonborn,Male,,FALSE,TRUE,FALSE,FALSE,
21,Kerkad,Dragonborn,Male,,FALSE,TRUE,FALSE,FALSE,
22,Kiirith,Dragonborn,Male,,FALSE,TRUE,FALSE,FALSE,
23,Kriv,Dragonborn,Male,,FALSE,TRUE,FALSE,FALSE,
24,Maagog,Dragonborn,Male,,FALSE,TRUE,FALSE,FALSE,
25,Medrash,Dragonborn,Male,,FALSE,TRUE,FALSE,FALSE,
26,Mehen,Dragonborn,Male,,FALSE,TRUE,FALSE,FALSE,
27,Mozikth,Dragonborn,Male,,FALSE,TRUE,FALSE,FALSE,
28,Mreksh,Dragonborn,Male,,FALSE,TRUE,FALSE,FALSE,
29,Mugrunden,Dragonborn,Male,,FALSE,TRUE,FALSE,FALSE,
30,Nadarr,Dragonborn,Male,,FALSE,TRUE,FALSE,FALSE,
31,Nithther,Dragonborn,Male,,FALSE,TRUE,FALSE,FALSE,
32,Norkruuth,Dragonborn,Male,,FALSE,TRUE,FALSE,FALSE,
33,Nykkan,Dragonborn,Male,,FALSE,TRUE,FALSE,FALSE,
34,Pandjed,Dragonborn,Male,,FALSE,TRUE,FALSE,FALSE,
35,Patrin,Dragonborn,Male,,FALSE,TRUE,FALSE,FALSE,
36,Pijjirik,Dragonborn,Male,,FALSE,TRUE,FALSE,FALSE,
37,Quarethon,Dragonborn,Male,,FALSE,TRUE,FALSE,FALSE,
38,Rathkran,Dragonborn,Male,,FALSE,TRUE,FALSE,FALSE,
39,Rhogar,Dragonborn,Male,,FALSE,TRUE,FALSE,FALSE,
40,Rivaan,Dragonborn,Male,,FALSE,TRUE,FALSE,FALSE,
41,Sethrekar,Dragonborn,Male,,FALSE,TRUE,FALSE,FALSE,
42,Shamash,Dragonborn,Male,,FALSE,TRUE,FALSE,FALSE,
43,Shedinn,Dragonborn,Male,,FALSE,TRUE,FALSE,FALSE,
44,Srorthen,Dragonborn,Male,,FALSE,TRUE,FALSE,FALSE,
45,Tarhun,Dragonborn,Male,,FALSE,TRUE,FALSE,FALSE,
46,Torinn,Dragonborn,Male,,FALSE,TRUE,FALSE,FALSE,
47,Trynnicus,Dragonborn,Male,,FALSE,TRUE,FALSE,FALSE,
48,Valorean,Dragonborn,Male,,FALSE,TRUE,FALSE,FALSE,
49,Vrondiss,Dragonborn,Male,,FALSE,TRUE,FALSE,FALSE,
50,Zedaar,Dragonborn,Male,,FALSE,TRUE,FALSE,FALSE,
51,Akra,Dragonborn,Female,,FALSE,TRUE,FALSE,FALSE,
52,Aasathra,Dragonborn,Female,,FALSE,TRUE,FALSE,FALSE,
53,Antrara,Dragonborn,Female,,FALSE,TRUE,FALSE,FALSE,
54,Arava,Dragonborn,Female,,FALSE,TRUE,FALSE,FALSE,
55,Biri,Dragonborn,Female,,FALSE,TRUE,FALSE,FALSE,
56,Blendaeth,Dragonborn,Female,,FALSE,TRUE,FALSE,FALSE,
57,Burana,Dragonborn,Female,,FALSE,TRUE,FALSE,FALSE,
58,Chassath,Dragonborn,Female,,FALSE,TRUE,FALSE,FALSE,
59,Daar,Dragonborn,Female,,FALSE,TRUE,FALSE,FALSE,
60,Dentratha,Dragonborn,Female,,FALSE,TRUE,FALSE,FALSE,
61,Doudra,Dragonborn,Female,,FALSE,TRUE,FALSE,FALSE,
62,Driindar,Dragonborn,Female,,FALSE,TRUE,FALSE,FALSE,
63,Eggren,Dragonborn,Female,,FALSE,TRUE,FALSE,FALSE,
64,Farideh,Dragonborn,Female,,FALSE,TRUE,FALSE,FALSE,
65,Findex,Dragonborn,Female,,FALSE,TRUE,FALSE,FALSE,
66,Furrele,Dragonborn,Female,,FALSE,TRUE,FALSE,FALSE,
67,Gesrethe,Dragonborn,Female,,FALSE,TRUE,FALSE,FALSE,
68,Gilkass,Dragonborn,Female,,FALSE,TRUE,FALSE,FALSE,
69,Harann,Dragonborn,Female,,FALSE,TRUE,FALSE,FALSE,
70,Havilar,Dragonborn,Female,,FALSE,TRUE,FALSE,FALSE,
71,Hethress,Dragonborn,Female,,FALSE,TRUE,FALSE,FALSE,
72,Hillanot,Dragonborn,Female,,FALSE,TRUE,FALSE,FALSE,
73,Jaxi,Dragonborn,Female,,FALSE,TRUE,FALSE,FALSE,
74,Jezean,Dragonborn,Female,,FALSE,TRUE,FALSE,FALSE,
75,Jheri,Dragonborn,Female,,FALSE,TRUE,FALSE,FALSE,
76,Kadana,Dragonborn,Female,,FALSE,TRUE,FALSE,FALSE,
77,Kava,Dragonborn,Female,,FALSE,TRUE,FALSE,FALSE,
78,Korinn,Dragonborn,Female,,FALSE,TRUE,FALSE,FALSE,
79,Megren,Dragonborn,Female,,FALSE,TRUE,FALSE,FALSE,
80,Mijira,Dragonborn,Female,,FALSE,TRUE,FALSE,FALSE,
81,Mishann,Dragonborn,Female,,FALSE,TRUE,FALSE,FALSE,
82,Nala,Dragonborn,Female,,FALSE,TRUE,FALSE,FALSE,
83,Nuthra,Dragonborn,Female,,FALSE,TRUE,FALSE,FALSE,
84,Perra,Dragonborn,Female,,FALSE,TRUE,FALSE,FALSE,
85,Pogranix,Dragonborn,Female,,FALSE,TRUE,FALSE,FALSE,
86,Pyxrin,Dragonborn,Female,,FALSE,TRUE,FALSE,FALSE,
87,Quespa,Dragonborn,Female,,FALSE,TRUE,FALSE,FALSE,
88,Raiann,Dragonborn,Female,,FALSE,TRUE,FALSE,FALSE,
89,Rezena,Dragonborn,Female,,FALSE,TRUE,FALSE,FALSE,
90,Ruloth,Dragonborn,Female,,FALSE,TRUE,FALSE,FALSE,
91,Saphara,Dragonborn,Female,,FALSE,TRUE,FALSE,FALSE,
92,Savaran,Dragonborn,Female,,FALSE,TRUE,FALSE,FALSE,
93,Sora,Dragonborn,Female,,FALSE,TRUE,FALSE,FALSE,
94,Surina,Dragonborn,Female,,FALSE,TRUE,FALSE,FALSE,
95,Synthrin,Dragonborn,Female,,FALSE,TRUE,FALSE,FALSE,
96,Tatyan,Dragonborn,Female,,FALSE,TRUE,FALSE,FALSE,
97,Thava,Dragonborn,Female,,FALSE,TRUE,FALSE,FALSE,
98,Uadjit,Dragonborn,Female,,FALSE,TRUE,FALSE,FALSE,
99,Vezera,Dragonborn,Female,,FALSE,TRUE,FALSE,FALSE,
100,Zykroff,Dragonborn,Female,,FALSE,TRUE,FALSE,FALSE,
101,Akambherylliax,Dragonborn,any,,FALSE,FALSE,FALSE,TRUE,
102,Argenthrixus,Dragonborn,any,,FALSE,FALSE,FALSE,TRUE,
103,Baharoosh,Dragonborn,any,,FALSE,FALSE,FALSE,TRUE,
104,Beryntolthropal,Dragonborn,any,,FALSE,FALSE,FALSE,TRUE,
105,Bhenkumbyrznaax,Dragonborn,any,,FALSE,FALSE,FALSE,TRUE,
106,Caavylteradyn,Dragonborn,any,,FALSE,FALSE,FALSE,TRUE,
107,Chumbyxirinnish,Dragonborn,any,,FALSE,FALSE,FALSE,TRUE,
108,Clethtinthiaalor,Dragonborn,any,,FALSE,FALSE,FALSE,TRUE,
109,Daardendrian,Dragonborn,any,,FALSE,FALSE,FALSE,TRUE,
110,Delmirev,Dragonborn,any,,FALSE,FALSE,FALSE,TRUE,
111,Dhyrktelonis,Dragonborn,any,,FALSE,FALSE,FALSE,TRUE,
112,Ebynichtomonis,Dragonborn,any,,FALSE,FALSE,FALSE,TRUE,
113,Esstyrlynn,Dragonborn,any,,FALSE,FALSE,FALSE,TRUE,
114,Fharngnarthnost,Dragonborn,any,,FALSE,FALSE,FALSE,TRUE,
115,Ghaallixirn,Dragonborn,any,,FALSE,FALSE,FALSE,TRUE,
116,Grrrmmballhyst,Dragonborn,any,,FALSE,FALSE,FALSE,TRUE,
117,Gygazzylyshrift,Dragonborn,any,,FALSE,FALSE,FALSE,TRUE,
118,Hashphronyxadyn,Dragonborn,any,,FALSE,FALSE,FALSE,TRUE,
119,Hshhsstoroth,Dragonborn,any,,FALSE,FALSE,FALSE,TRUE,
120,Imbixtellrhyst,Dragonborn,any,,FALSE,FALSE,FALSE,TRUE,
121,Jerynomonis,Dragonborn,any,,FALSE,FALSE,FALSE,TRUE,
122,Jharthraxyn,Dragonborn,any,,FALSE,FALSE,FALSE,TRUE,
123,Kerrhylon,Dragonborn,any,,FALSE,FALSE,FALSE,TRUE,
124,Kimbatuul,Dragonborn,any,,FALSE,FALSE,FALSE,TRUE,
125,Lhamboldennish,Dragonborn,any,,FALSE,FALSE,FALSE,TRUE,
126,Linxakasendalor,Dragonborn,any,,FALSE,FALSE,FALSE,TRUE,
127,Mohradyllion,Dragonborn,any,,FALSE,FALSE,FALSE,TRUE,
128,Mystan,Dragonborn,any,,FALSE,FALSE,FALSE,TRUE,
129,Nemmonis,Dragonborn,any,,FALSE,FALSE,FALSE,TRUE,
130,Norixius,Dragonborn,any,,FALSE,FALSE,FALSE,TRUE,
131,Ophinshtalajiir,Dragonborn,any,,FALSE,FALSE,FALSE,TRUE,
132,Orexijandilin,Dragonborn,any,,FALSE,FALSE,FALSE,TRUE,
133,Pfaphnyrennish,Dragonborn,any,,FALSE,FALSE,FALSE,TRUE,
134,Phrahdrandon,Dragonborn,any,,FALSE,FALSE,FALSE,TRUE,
135,Pyraxtallinost,Dragonborn,any,,FALSE,FALSE,FALSE,TRUE,
136,Qyxpahrgh,Dragonborn,any,,FALSE,FALSE,FALSE,TRUE,
137,Raghthroknaar,Dragonborn,any,,FALSE,FALSE,FALSE,TRUE,
138,Shestendeliath,Dragonborn,any,,FALSE,FALSE,FALSE,TRUE,
139,Skaarzborroosh,Dragonborn,any,,FALSE,FALSE,FALSE,TRUE,
140,Sumnarghthrysh,Dragonborn,any,,FALSE,FALSE,FALSE,TRUE,
141,Tiammanthyllish,Dragonborn,any,,FALSE,FALSE,FALSE,TRUE,
142,Turnuorth,Dragonborn,any,,FALSE,FALSE,FALSE,TRUE,
143,Umbyrphrael,Dragonborn,any,,FALSE,FALSE,FALSE,TRUE,
144,Vangdondalor,Dragonborn,any,,FALSE,FALSE,FALSE,TRUE,
145,Verthisathurgiesh,Dragonborn,any,,FALSE,FALSE,FALSE,TRUE,
146,Wivvyrholdalphiax,Dragonborn,any,,FALSE,FALSE,FALSE,TRUE,
147,Wystongjiir,Dragonborn,any,,FALSE,FALSE,FALSE,TRUE,
148,Xephyrbahnor,Dragonborn,any,,FALSE,FALSE,FALSE,TRUE,
149,Yarjerit,Dragonborn,any,,FALSE,FALSE,FALSE,TRUE,
150,Zzzxaaxthroth,Dragonborn,any,,FALSE,FALSE,FALSE,TRUE,
151,Adrik,Dwarf,Male,,FALSE,TRUE,FALSE,FALSE,
152,Alberich,Dwarf,Male,,FALSE,TRUE,FALSE,FALSE,
153,Baern,Dwarf,Male,,FALSE,TRUE,FALSE,FALSE,
154,Barendd,Dwarf,Male,,FALSE,TRUE,FALSE,FALSE,
155,Beloril,Dwarf,Male,,FALSE,TRUE,FALSE,FALSE,
156,Brottor,Dwarf,Male,,FALSE,TRUE,FALSE,FALSE,
157,Dain,Dwarf,Male,,FALSE,TRUE,FALSE,FALSE,
158,Dalgal,Dwarf,Male,,FALSE,TRUE,FALSE,FALSE,
159,Darrak,Dwarf,Male,,FALSE,TRUE,FALSE,FALSE,
160,Delg,Dwarf,Male,,FALSE,TRUE,FALSE,FALSE,
161,Duergath,Dwarf,Male,,FALSE,TRUE,FALSE,FALSE,
162,Dworic,Dwarf,Male,,FALSE,TRUE,FALSE,FALSE,
163,Eberk,Dwarf,Male,,FALSE,TRUE,FALSE,FALSE,
164,Einkil,Dwarf,Male,,FALSE,TRUE,FALSE,FALSE,
165,Elaim,Dwarf,Male,,FALSE,TRUE,FALSE,FALSE,
166,Erias,Dwarf,Male,,FALSE,TRUE,FALSE,FALSE,
167,Fallond,Dwarf,Male,,FALSE,TRUE,FALSE,FALSE,
168,Fargrim,Dwarf,Male,,FALSE,TRUE,FALSE,FALSE,
169,Gardian,Dwarf,Male,,FALSE,TRUE,FALSE,FALSE,
170,Gilthur,Dwarf,Male,,FALSE,TRUE,FALSE,FALSE,
171,Gimgen,Dwarf,Male,,FALSE,TRUE,FALSE,FALSE,
172,Gimurt,Dwarf,Male,,FALSE,TRUE,FALSE,FALSE,
173,Harbek,Dwarf,Male,,FALSE,TRUE,FALSE,FALSE,
174,Kildrak,Dwarf,Male,,FALSE,TRUE,FALSE,FALSE,
175,Kilvar,Dwarf,Male,,FALSE,TRUE,FALSE,FALSE,
176,Morgran,Dwarf,Male,,FALSE,TRUE,FALSE,FALSE,
177,Morkral,Dwarf,Male,,FALSE,TRUE,FALSE,FALSE,
178,Nalral,Dwarf,Male,,FALSE,TRUE,FALSE,FALSE,
179,Nordak,Dwarf,Male,,FALSE,TRUE,FALSE,FALSE,
180,Nuraval,Dwarf,Male,,FALSE,TRUE,FALSE,FALSE,
181,Oloric,Dwarf,Male,,FALSE,TRUE,FALSE,FALSE,
182,Olunt,Dwarf,Male,,FALSE,TRUE,FALSE,FALSE,
183,Orsik,Dwarf,Male,,FALSE,TRUE,FALSE,FALSE,
184,Oskar,Dwarf,Male,,FALSE,TRUE,FALSE,FALSE,
185,Rangrim,Dwarf,Male,,FALSE,TRUE,FALSE,FALSE,
186,Reirak,Dwarf,Male,,FALSE,TRUE,FALSE,FALSE,
187,Rurik,Dwarf,Male,,FALSE,TRUE,FALSE,FALSE,
188,Taklinn,Dwarf,Male,,FALSE,TRUE,FALSE,FALSE,
189,Thoradin,Dwarf,Male,,FALSE,TRUE,FALSE,FALSE,
190,Thorin,Dwarf,Male,,FALSE,TRUE,FALSE,FALSE,
191,Thradal,Dwarf,Male,,FALSE,TRUE,FALSE,FALSE,
192,Tordek,Dwarf,Male,,FALSE,TRUE,FALSE,FALSE,
193,Traubon,Dwarf,Male,,FALSE,TRUE,FALSE,FALSE,
194,Travok,Dwarf,Male,,FALSE,TRUE,FALSE,FALSE,
195,Ulfgar,Dwarf,Male,,FALSE,TRUE,FALSE,FALSE,
196,Uraim,Dwarf,Male,,FALSE,TRUE,FALSE,FALSE,
197,Veit,Dwarf,Male,,FALSE,TRUE,FALSE,FALSE,
198,Vonbin,Dwarf,Male,,FALSE,TRUE,FALSE,FALSE,
199,Vondal,Dwarf,Male,,FALSE,TRUE,FALSE,FALSE,
200,Whurbin,Dwarf,Male,,FALSE,TRUE,FALSE,FALSE,
201,Anbera,Dwarf,Female,,FALSE,TRUE,FALSE,FALSE,
202,Artin,Dwarf,Female,,FALSE,TRUE,FALSE,FALSE,
203,Audhild,Dwarf,Female,,FALSE,TRUE,FALSE,FALSE,
204,Balifra,Dwarf,Female,,FALSE,TRUE,FALSE,FALSE,
205,Barbena,Dwarf,Female,,FALSE,TRUE,FALSE,FALSE,
206,Bardryn,Dwarf,Female,,FALSE,TRUE,FALSE,FALSE,
207,Bolhild,Dwarf,Female,,FALSE,TRUE,FALSE,FALSE,
208,Dagnal,Dwarf,Female,,FALSE,TRUE,FALSE,FALSE,
209,Dariff,Dwarf,Female,,FALSE,TRUE,FALSE,FALSE,
210,Delre,Dwarf,Female,,FALSE,TRUE,FALSE,FALSE,
211,Diesa,Dwarf,Female,,FALSE,TRUE,FALSE,FALSE,
212,Eldeth,Dwarf,Female,,FALSE,TRUE,FALSE,FALSE,
213,Eridred,Dwarf,Female,,FALSE,TRUE,FALSE,FALSE,
214,Falkrunn,Dwarf,Female,,FALSE,TRUE,FALSE,FALSE,
215,Fallthra,Dwarf,Female,,FALSE,TRUE,FALSE,FALSE,
216,Finellen,Dwarf,Female,,FALSE,TRUE,FALSE,FALSE,
217,Gillydd,Dwarf,Female,,FALSE,TRUE,FALSE,FALSE,
218,Gunnloda,Dwarf,Female,,FALSE,TRUE,FALSE,FALSE,
219,Gurdis,Dwarf,Female,,FALSE,TRUE,FALSE,FALSE,
220,Helgret,Dwarf,Female,,FALSE,TRUE,FALSE,FALSE,
221,Helja,Dwarf,Female,,FALSE,TRUE,FALSE,FALSE,
222,Hlin,Dwarf,Female,,FALSE,TRUE,FALSE,FALSE,
223,Ilde,Dwarf,Female,,FALSE,TRUE,FALSE,FALSE,
224,Jarana,Dwarf,Female,,FALSE,TRUE,FALSE,FALSE,
225,Kathra,Dwarf,Female,,FALSE,TRUE,FALSE,FALSE,
226,Kilia,Dwarf,Female,,FALSE,TRUE,FALSE,FALSE,
227,Kristryd,Dwarf,Female,,FALSE,TRUE,FALSE,FALSE,
228,Liftrasa,Dwarf,Female,,FALSE,TRUE,FALSE,FALSE,
229,Marastyr,Dwarf,Female,,FALSE,TRUE,FALSE,FALSE,
230,Mardred,Dwarf,Female,,FALSE,TRUE,FALSE,FALSE,
231,Morana,Dwarf,Female,,FALSE,TRUE,FALSE,FALSE,
232,Nalaed,Dwarf,Female,,FALSE,TRUE,FALSE,FALSE,
233,Nora,Dwarf,Female,,FALSE,TRUE,FALSE,FALSE,
234,Nurkara,Dwarf,Female,,FALSE,TRUE,FALSE,FALSE,
235,Oriff,Dwarf,Female,,FALSE,TRUE,FALSE,FALSE,
236,Ovina,Dwarf,Female,,FALSE,TRUE,FALSE,FALSE,
237,Riswynn,Dwarf,Female,,FALSE,TRUE,FALSE,FALSE,
238,Sannl,Dwarf,Female,,FALSE,TRUE,FALSE,FALSE,
239,Therlin,Dwarf,Female,,FALSE,TRUE,FALSE,FALSE,
240,Thordris,Dwarf,Female,,FALSE,TRUE,FALSE,FALSE,
241,Torbera,Dwarf,Female,,FALSE,TRUE,FALSE,FALSE,
242,Tordrid,Dwarf,Female,,FALSE,TRUE,FALSE,FALSE,
243,Torgga,Dwarf,Female,,FALSE,TRUE,FALSE,FALSE,
244,Urshar,Dwarf,Female,,FALSE,TRUE,FALSE,FALSE,
245,Valida,Dwarf,Female,,FALSE,TRUE,FALSE,FALSE,
246,Vistra,Dwarf,Female,,FALSE,TRUE,FALSE,FALSE,
247,Vonana,Dwarf,Female,,FALSE,TRUE,FALSE,FALSE,
248,Werydd,Dwarf,Female,,FALSE,TRUE,FALSE,FALSE,
249,Whurdred,Dwarf,Female,,FALSE,TRUE,FALSE,FALSE,
250,Yurgunn,Dwarf,Female,,FALSE,TRUE,FALSE,FALSE,
251,Aranore,Dwarf,any,,FALSE,FALSE,FALSE,TRUE,
252,Balderk,Dwarf,any,,FALSE,FALSE,FALSE,TRUE,
253,Battlehammer,Dwarf,any,,FALSE,FALSE,FALSE,TRUE,
254,Bigtoe,Dwarf,any,,FALSE,FALSE,FALSE,TRUE,
255,Bloodkith,Dwarf,any,,FALSE,FALSE,FALSE,TRUE,
256,Bofdann,Dwarf,any,,FALSE,FALSE,FALSE,TRUE,
257,Brawnanvil,Dwarf,any,,FALSE,FALSE,FALSE,TRUE,
258,Brazzik,Dwarf,any,,FALSE,FALSE,FALSE,TRUE,
259,Broodfist,Dwarf,any,,FALSE,FALSE,FALSE,TRUE,
260,Burrowfound,Dwarf,any,,FALSE,FALSE,FALSE,TRUE,
261,Caebrek,Dwarf,any,,FALSE,FALSE,FALSE,TRUE,
262,Daerdahk,Dwarf,any,,FALSE,FALSE,FALSE,TRUE,
263,Dankil,Dwarf,any,,FALSE,FALSE,FALSE,TRUE,
264,Daraln,Dwarf,any,,FALSE,FALSE,FALSE,TRUE,
265,Deepdelver,Dwarf,any,,FALSE,FALSE,FALSE,TRUE,
266,Durthane,Dwarf,any,,FALSE,FALSE,FALSE,TRUE,
267,Eversharp,Dwarf,any,,FALSE,FALSE,FALSE,TRUE,
268,Fallack,Dwarf,any,,FALSE,FALSE,FALSE,TRUE,
269,Fireforge,Dwarf,any,,FALSE,FALSE,FALSE,TRUE,
270,Foamtankard,Dwarf,any,,FALSE,FALSE,FALSE,TRUE,
271,Frostbeard,Dwarf,any,,FALSE,FALSE,FALSE,TRUE,
272,Glanhig,Dwarf,any,,FALSE,FALSE,FALSE,TRUE,
273,Goblinbane,Dwarf,any,,FALSE,FALSE,FALSE,TRUE,
274,Goldfinder,Dwarf,any,,FALSE,FALSE,FALSE,TRUE,
275,Gorunn,Dwarf,any,,FALSE,FALSE,FALSE,TRUE,
276,Graybeard,Dwarf,any,,FALSE,FALSE,FALSE,TRUE,
277,Hammerstone,Dwarf,any,,FALSE,FALSE,FALSE,TRUE,
278,Helcral,Dwarf,any,,FALSE,FALSE,FALSE,TRUE,
279,Holderhek,Dwarf,any,,FALSE,FALSE,FALSE,TRUE,
280,Ironfist,Dwarf,any,,FALSE,FALSE,FALSE,TRUE,
281,Loderr,Dwarf,any,,FALSE,FALSE,FALSE,TRUE,
282,Lutgehr,Dwarf,any,,FALSE,FALSE,FALSE,TRUE,
283,Morigak,Dwarf,any,,FALSE,FALSE,FALSE,TRUE,
284,Orcfoe,Dwarf,any,,FALSE,FALSE,FALSE,TRUE,
285,Rakankrak,Dwarf,any,,FALSE,FALSE,FALSE,TRUE,
286,Ruby-Eye,Dwarf,any,,FALSE,FALSE,FALSE,TRUE,
287,Rumnaheim,Dwarf,any,,FALSE,FALSE,FALSE,TRUE,
288,Silveraxe,Dwarf,any,,FALSE,FALSE,FALSE,TRUE,
289,Silverstone,Dwarf,any,,FALSE,FALSE,FALSE,TRUE,
290,Steelfist,Dwarf,any,,FALSE,FALSE,FALSE,TRUE,
291,Stoutale,Dwarf,any,,FALSE,FALSE,FALSE,TRUE,
292,Strakeln,Dwarf,any,,FALSE,FALSE,FALSE,TRUE,
293,Strongheart,Dwarf,any,,FALSE,FALSE,FALSE,TRUE,
294,Thrahak,Dwarf,any,,FALSE,FALSE,FALSE,TRUE,
295,Torevir,Dwarf,any,,FALSE,FALSE,FALSE,TRUE,
296,Torunn,Dwarf,any,,FALSE,FALSE,FALSE,TRUE,
297,Trollbleeder,Dwarf,any,,FALSE,FALSE,FALSE,TRUE,
298,Trueanvil,Dwarf,any,,FALSE,FALSE,FALSE,TRUE,
299,Trueblood,Dwarf,any,,FALSE,FALSE,FALSE,TRUE,
300,Ungart,Dwarf,any,,FALSE,FALSE,FALSE,TRUE,
301,Adran,Elf,Male,,FALSE,TRUE,FALSE,FALSE,
302,Aelar,Elf,Male,,FALSE,TRUE,FALSE,FALSE,
303,Aerdeth,Elf,Male,,FALSE,TRUE,FALSE,FALSE,
304,Ahvain,Elf,Male,,FALSE,TRUE,FALSE,FALSE,
305,Aramil,Elf,Male,,FALSE,TRUE,FALSE,FALSE,
306,Arannis,Elf,Male,,FALSE,TRUE,FALSE,FALSE,
307,Aust,Elf,Male,,FALSE,TRUE,FALSE,FALSE,
308,Azaki,Elf,Male,,FALSE,TRUE,FALSE,FALSE,
309,Beiro,Elf,Male,,FALSE,TRUE,FALSE,FALSE,
310,Berrian,Elf,Male,,FALSE,TRUE,FALSE,FALSE,
311,Caeldrim,Elf,Male,,FALSE,TRUE,FALSE,FALSE,
312,Carric,Elf,Male,,FALSE,TRUE,FALSE,FALSE,
313,Dayereth,Elf,Male,,FALSE,TRUE,FALSE,FALSE,
314,Dreali,Elf,Male,,FALSE,TRUE,FALSE,FALSE,
315,Efferil,Elf,Male,,FALSE,TRUE,FALSE,FALSE,
316,Eiravel,Elf,Male,,FALSE,TRUE,FALSE,FALSE,
317,Einalis,Elf,Male,,FALSE,TRUE,FALSE,FALSE,
318,Erdan,Elf,Male,,FALSE,TRUE,FALSE,FALSE,
319,Erevan,Elf,Male,,FALSE,TRUE,FALSE,FALSE,
320,Fivin,Elf,Male,,FALSE,TRUE,FALSE,FALSE,
321,Galinndan,Elf,Male,,FALSE,TRUE,FALSE,FALSE,
322,Gennal,Elf,Male,,FALSE,TRUE,FALSE,FALSE,
323,Hadarai,Elf,Male,,FALSE,TRUE,FALSE,FALSE,
324,Halimath,Elf,Male,,FALSE,TRUE,FALSE,FALSE,
325,Heian,Elf,Male,,FALSE,TRUE,FALSE,FALSE,
326,Himo,Elf,Male,,FALSE,TRUE,FALSE,FALSE,
327,Immeral,Elf,Male,,FALSE,TRUE,FALSE,FALSE,
328,Ivellios,Elf,Male,,FALSE,TRUE,FALSE,FALSE,
329,Korfel,Elf,Male,,FALSE,TRUE,FALSE,FALSE,
330,Lamlis,Elf,Male,,FALSE,TRUE,FALSE,FALSE,
331,Laucian,Elf,Male,,FALSE,TRUE,FALSE,FALSE,
332,Lucan,Elf,Male,,FALSE,TRUE,FALSE,FALSE,
333,Mindartis,Elf,Male,,FALSE,TRUE,FALSE,FALSE,
334,Naal,Elf,Male,,FALSE,TRUE,FALSE,FALSE,
335,Nutae,Elf,Male,,FALSE,TRUE,FALSE,FALSE,
336,Paelias,Elf,Male,,FALSE,TRUE,FALSE,FALSE,
337,Peren,Elf,Male,,FALSE,TRUE,FALSE,FALSE,
338,Quarion,Elf,Male,,FALSE,TRUE,FALSE,FALSE,
339,Riardon,Elf,Male,,FALSE,TRUE,FALSE,FALSE,
340,Rolen,Elf,Male,,FALSE,TRUE,FALSE,FALSE,
341,Soveliss,Elf,Male,,FALSE,TRUE,FALSE,FALSE,
342,Suhnae,Elf,Male,,FALSE,TRUE,FALSE,FALSE,
343,Thamior,Elf,Male,,FALSE,TRUE,FALSE,FALSE,
344,Tharivol,Elf,Male,,FALSE,TRUE,FALSE,FALSE,
345,Theren,Elf,Male,,FALSE,TRUE,FALSE,FALSE,
346,Theriatis,Elf,Male,,FALSE,TRUE,FALSE,FALSE,
347,Thervan,Elf,Male,,FALSE,TRUE,FALSE,FALSE,
348,Uthemar,Elf,Male,,FALSE,TRUE,FALSE,FALSE,
349,Vanuath,Elf,Male,,FALSE,TRUE,FALSE,FALSE,
350,Varis,Elf,Male,,FALSE,TRUE,FALSE,FALSE,
351,Adrie,Elf,Female,,FALSE,TRUE,FALSE,FALSE,
352,Ahinar,Elf,Female,,FALSE,TRUE,FALSE,FALSE,
353,Althaea,Elf,Female,,FALSE,TRUE,FALSE,FALSE,
354,Anastrianna,Elf,Female,,FALSE,TRUE,FALSE,FALSE,
355,Andraste,Elf,Female,,FALSE,TRUE,FALSE,FALSE,
356,Antinua,Elf,Female,,FALSE,TRUE,FALSE,FALSE,
357,Arara,Elf,Female,,FALSE,TRUE,FALSE,FALSE,
358,Baelitae,Elf,Female,,FALSE,TRUE,FALSE,FALSE,
359,Bethrynna,Elf,Female,,FALSE,TRUE,FALSE,FALSE,
360,Birel,Elf,Female,,FALSE,TRUE,FALSE,FALSE,
361,Caelynn,Elf,Female,,FALSE,TRUE,FALSE,FALSE,
362,Chaedi,Elf,Female,,FALSE,TRUE,FALSE,FALSE,
363,Claira,Elf,Female,,FALSE,TRUE,FALSE,FALSE,
364,Dara,Elf,Female,,FALSE,TRUE,FALSE,FALSE,
365,Drusilia,Elf,Female,,FALSE,TRUE,FALSE,FALSE,
366,Elama,Elf,Female,,FALSE,TRUE,FALSE,FALSE,
367,Enna,Elf,Female,,FALSE,TRUE,FALSE,FALSE,
368,Faral,Elf,Female,,FALSE,TRUE,FALSE,FALSE,
369,Felosial,Elf,Female,,FALSE,TRUE,FALSE,FALSE,
370,Hatae,Elf,Female,,FALSE,TRUE,FALSE,FALSE,
371,Ielenia,Elf,Female,,FALSE,TRUE,FALSE,FALSE,
372,Ilanis,Elf,Female,,FALSE,TRUE,FALSE,FALSE,
373,Irann,Elf,Female,,FALSE,TRUE,FALSE,FALSE,
374,Jarsali,Elf,Female,,FALSE,TRUE,FALSE,FALSE,
375,Jelenneth,Elf,Female,,FALSE,TRUE,FALSE,FALSE,
376,Keyleth,Elf,Female,,FALSE,TRUE,FALSE,FALSE,
377,Leshanna,Elf,Female,,FALSE,TRUE,FALSE,FALSE,
378,Lia,Elf,Female,,FALSE,TRUE,FALSE,FALSE,
379,Maiathah,Elf,Female,,FALSE,TRUE,FALSE,FALSE,
380,Malquis,Elf,Female,,FALSE,TRUE,FALSE,FALSE,
381,Meriele,Elf,Female,,FALSE,TRUE,FALSE,FALSE,
382,Mialee,Elf,Female,,FALSE,TRUE,FALSE,FALSE,
383,Myathethil,Elf,Female,,FALSE,TRUE,FALSE,FALSE,
384,Naivara,Elf,Female,,FALSE,TRUE,FALSE,FALSE,
385,Quelenna,Elf,Female,,FALSE,TRUE,FALSE,FALSE,
386,Quillathe,Elf,Female,,FALSE,TRUE,FALSE,FALSE,
387,Ridaro,Elf,Female,,FALSE,TRUE,FALSE,FALSE,
388,Sariel,Elf,Female,,FALSE,TRUE,FALSE,FALSE,
389,Shanairla,Elf,Female,,FALSE,TRUE,FALSE,FALSE,
390,Shava,Elf,Female,,FALSE,TRUE,FALSE,FALSE,
391,Silaqui,Elf,Female,,FALSE,TRUE,FALSE,FALSE,
392,Sumnes,Elf,Female,,FALSE,TRUE,FALSE,FALSE,
393,Theirastra,Elf,Female,,FALSE,TRUE,FALSE,FALSE,
394,Thiala,Elf,Female,,FALSE,TRUE,FALSE,FALSE,
395,Tiaathque,Elf,Female,,FALSE,TRUE,FALSE,FALSE,
396,Traulam,Elf,Female,,FALSE,TRUE,FALSE,FALSE,
397,Vadania,Elf,Female,,FALSE,TRUE,FALSE,FALSE,
398,Valanthe,Elf,Female,,FALSE,TRUE,FALSE,FALSE,
399,Valna,Elf,Female,,FALSE,TRUE,FALSE,FALSE,
400,Xanaphia,Elf,Female,,FALSE,TRUE,FALSE,FALSE,
401,Ael,Elf,any,,TRUE,TRUE,FALSE,FALSE,
402,Ang,Elf,any,,TRUE,TRUE,FALSE,FALSE,
403,Ara,Elf,any,,TRUE,TRUE,FALSE,FALSE,
404,Ari,Elf,any,,TRUE,TRUE,FALSE,FALSE,
405,Arn,Elf,any,,TRUE,TRUE,FALSE,FALSE,
406,Aym,Elf,any,,TRUE,TRUE,FALSE,FALSE,
407,Broe,Elf,any,,TRUE,TRUE,FALSE,FALSE,
408,Bryn,Elf,any,,TRUE,TRUE,FALSE,FALSE,
409,Cael,Elf,any,,TRUE,TRUE,FALSE,FALSE,
410,Cy,Elf,any,,TRUE,TRUE,FALSE,FALSE,
411,Dae,Elf,any,,TRUE,TRUE,FALSE,FALSE,
412,Del,Elf,any,,TRUE,TRUE,FALSE,FALSE,
413,Eli,Elf,any,,TRUE,TRUE,FALSE,FALSE,
414,Eryn,Elf,any,,TRUE,TRUE,FALSE,FALSE,
415,Faen,Elf,any,,TRUE,TRUE,FALSE,FALSE,
416,Fera,Elf,any,,TRUE,TRUE,FALSE,FALSE,
417,Gael,Elf,any,,TRUE,TRUE,FALSE,FALSE,
418,Gar,Elf,any,,TRUE,TRUE,FALSE,FALSE,
419,Innil,Elf,any,,TRUE,TRUE,FALSE,FALSE,
420,Jar,Elf,any,,TRUE,TRUE,FALSE,FALSE,
421,Kan,Elf,any,,TRUE,TRUE,FALSE,FALSE,
422,Koeth,Elf,any,,TRUE,TRUE,FALSE,FALSE,
423,Lael,Elf,any,,TRUE,TRUE,FALSE,FALSE,
424,Lue,Elf,any,,TRUE,TRUE,FALSE,FALSE,
425,Mai,Elf,any,,TRUE,TRUE,FALSE,FALSE,
426,Mara,Elf,any,,TRUE,TRUE,FALSE,FALSE,
427,Mella,Elf,any,,TRUE,TRUE,FALSE,FALSE,
428,Mya,Elf,any,,TRUE,TRUE,FALSE,FALSE,
429,Naeris,Elf,any,,TRUE,TRUE,FALSE,FALSE,
430,Naill,Elf,any,,TRUE,TRUE,FALSE,FALSE,
431,Nim,Elf,any,,TRUE,TRUE,FALSE,FALSE,
432,Phann,Elf,any,,TRUE,TRUE,FALSE,FALSE,
433,Py,Elf,any,,TRUE,TRUE,FALSE,FALSE,
434,Rael,Elf,any,,TRUE,TRUE,FALSE,FALSE,
435,Raer,Elf,any,,TRUE,TRUE,FALSE,FALSE,
436,Ren,Elf,any,,TRUE,TRUE,FALSE,FALSE,
437,Rinn,Elf,any,,TRUE,TRUE,FALSE,FALSE,
438,Rua,Elf,any,,TRUE,TRUE,FALSE,FALSE,
439,Sael,Elf,any,,TRUE,TRUE,FALSE,FALSE,
440,Sai,Elf,any,,TRUE,TRUE,FALSE,FALSE,
441,Sumi,Elf,any,,TRUE,TRUE,FALSE,FALSE,
442,Syllin,Elf,any,,TRUE,TRUE,FALSE,FALSE,
443,Ta,Elf,any,,TRUE,TRUE,FALSE,FALSE,
444,Thia,Elf,any,,TRUE,TRUE,FALSE,FALSE,
445,Tia,Elf,any,,TRUE,TRUE,FALSE,FALSE,
446,Traki,Elf,any,,TRUE,TRUE,FALSE,FALSE,
447,Vall,Elf,any,,TRUE,TRUE,FALSE,FALSE,
448,Von,Elf,any,,TRUE,TRUE,FALSE,FALSE,
449,Wil,Elf,any,,TRUE,TRUE,FALSE,FALSE,
450,Za,Elf,any,,TRUE,TRUE,FALSE,FALSE,
451,Aloro,Elf,any,,FALSE,FALSE,FALSE,TRUE,
452,Amakiir,Elf,any,,FALSE,FALSE,FALSE,TRUE,Gemflower
453,Amastacia,Elf,any,,FALSE,FALSE,FALSE,TRUE,Starflower
454,Ariessus,Elf,any,,FALSE,FALSE,FALSE,TRUE,
455,Arnuanna,Elf,any,,FALSE,FALSE,FALSE,TRUE,
456,Berevan,Elf,any,,FALSE,FALSE,FALSE,TRUE,
457,Caerdonel,Elf,any,,FALSE,FALSE,FALSE,TRUE,
458,Caphaxath,Elf,any,,FALSE,FALSE,FALSE,TRUE,
459,Casilltenirra,Elf,any,,FALSE,FALSE,FALSE,TRUE,
460,Cithreth,Elf,any,,FALSE,FALSE,FALSE,TRUE,
461,Dalanthan,Elf,any,,FALSE,FALSE,FALSE,TRUE,
462,Eathalena,Elf,any,,FALSE,FALSE,FALSE,TRUE,
463,Erenaeth,Elf,any,,FALSE,FALSE,FALSE,TRUE,
464,Ethanasath,Elf,any,,FALSE,FALSE,FALSE,TRUE,
465,Fasharash,Elf,any,,FALSE,FALSE,FALSE,TRUE,
466,Firahel,Elf,any,,FALSE,FALSE,FALSE,TRUE,
467,Floshem,Elf,any,,FALSE,FALSE,FALSE,TRUE,
468,Galanodel,Elf,any,,FALSE,FALSE,FALSE,TRUE,Moonwhisper
469,Goltorah,Elf,any,,FALSE,FALSE,FALSE,TRUE,
470,Hanali,Elf,any,,FALSE,FALSE,FALSE,TRUE,
471,Holimion,Elf,any,,FALSE,FALSE,FALSE,TRUE,Diamonddew
472,Horineth,Elf,any,,FALSE,FALSE,FALSE,TRUE,
473,Iathrana,Elf,any,,FALSE,FALSE,FALSE,TRUE,
474,Ilphelkiir,Elf,any,,FALSE,FALSE,FALSE,TRUE,Gemblossom
475,Iranapha,Elf,any,,FALSE,FALSE,FALSE,TRUE,
476,Koehlanna,Elf,any,,FALSE,FALSE,FALSE,TRUE,
477,Lathalas,Elf,any,,FALSE,FALSE,FALSE,TRUE,Silverfrond
478,Liadon,Elf,any,,FALSE,FALSE,FALSE,TRUE,
479,Meliamne,Elf,any,,FALSE,FALSE,FALSE,TRUE,Oakenheel
480,Mellerelel,Elf,any,,FALSE,FALSE,FALSE,TRUE,
481,Mystralath,Elf,any,,FALSE,FALSE,FALSE,TRUE,
482,Nailo,Elf,any,,FALSE,FALSE,FALSE,TRUE,Nightbreeze
483,Netyoive,Elf,any,,FALSE,FALSE,FALSE,TRUE,
484,Ofandrus,Elf,any,,FALSE,FALSE,FALSE,TRUE,
485,Ostoroth,Elf,any,,FALSE,FALSE,FALSE,TRUE,
486,Othronus,Elf,any,,FALSE,FALSE,FALSE,TRUE,
487,Qualanthri,Elf,any,,FALSE,FALSE,FALSE,TRUE,
488,Raethran,Elf,any,,FALSE,FALSE,FALSE,TRUE,
489,Rothenel,Elf,any,,FALSE,FALSE,FALSE,TRUE,
490,Selevarun,Elf,any,,FALSE,FALSE,FALSE,TRUE,
491,Siannodel,Elf,any,,FALSE,FALSE,FALSE,TRUE,Moonbrook
492,Suithrasas,Elf,any,,FALSE,FALSE,FALSE,TRUE,
493,Sylvaranth,Elf,any,,FALSE,FALSE,FALSE,TRUE,
494,Teinithra,Elf,any,,FALSE,FALSE,FALSE,TRUE,
495,Tiltathana,Elf,any,,FALSE,FALSE,FALSE,TRUE,
496,Wasanthi,Elf,any,,FALSE,FALSE,FALSE,TRUE,
497,Withrethin,Elf,any,,FALSE,FALSE,FALSE,TRUE,
498,Xiloscient,Elf,any,,FALSE,FALSE,FALSE,TRUE,Goldpetal
499,Xistsrith,Elf,any,,FALSE,FALSE,FALSE,TRUE,
500,Yaeldrin,Elf,any,,FALSE,FALSE,FALSE,TRUE,
501,Alston,Gnome,Male,,FALSE,TRUE,FALSE,FALSE,
502,Alvyn,Gnome,Male,,FALSE,TRUE,FALSE,FALSE,
503,Anverth,Gnome,Male,,FALSE,TRUE,FALSE,FALSE,
504,Arumawann,Gnome,Male,,FALSE,TRUE,FALSE,FALSE,
505,Bilbron,Gnome,Male,,FALSE,TRUE,FALSE,FALSE,
506,Boddynock,Gnome,Male,,FALSE,TRUE,FALSE,FALSE,
507,Brocc,Gnome,Male,,FALSE,TRUE,FALSE,FALSE,
508,Burgell,Gnome,Male,,FALSE,TRUE,FALSE,FALSE,
509,Cockaby,Gnome,Male,,FALSE,TRUE,FALSE,FALSE,
510,Crampernap,Gnome,Male,,FALSE,TRUE,FALSE,FALSE,
511,Dabbledob,Gnome,Male,,FALSE,TRUE,FALSE,FALSE,
512,Delebean,Gnome,Male,,FALSE,TRUE,FALSE,FALSE,
513,Dimble,Gnome,Male,,FALSE,TRUE,FALSE,FALSE,
514,Eberdeb,Gnome,Male,,FALSE,TRUE,FALSE,FALSE,
515,Eldon,Gnome,Male,,FALSE,TRUE,FALSE,FALSE,
516,Erky,Gnome,Male,,FALSE,TRUE,FALSE,FALSE,
517,Fablen,Gnome,Male,,FALSE,TRUE,FALSE,FALSE,
518,Fibblestib,Gnome,Male,,FALSE,TRUE,FALSE,FALSE,
519,Fonkin,Gnome,Male,,FALSE,TRUE,FALSE,FALSE,
520,Frouse,Gnome,Male,,FALSE,TRUE,FALSE,FALSE,
521,Frug,Gnome,Male,,FALSE,TRUE,FALSE,FALSE,
522,Gerbo,Gnome,Male,,FALSE,TRUE,FALSE,FALSE,
523,Gimble,Gnome,Male,,FALSE,TRUE,FALSE,FALSE,
524,Glim,Gnome,Male,,FALSE,TRUE,FALSE,FALSE,
525,Igden,Gnome,Male,,FALSE,TRUE,FALSE,FALSE,
526,Jabble,Gnome,Male,,FALSE,TRUE,FALSE,FALSE,
527,Jebeddo,Gnome,Male,,FALSE,TRUE,FALSE,FALSE,
528,Kellen,Gnome,Male,,FALSE,TRUE,FALSE,FALSE,
529,Kipper,Gnome,Male,,FALSE,TRUE,FALSE,FALSE,
530,Namfoodle,Gnome,Male,,FALSE,TRUE,FALSE,FALSE,
531,Oppleby,Gnome,Male,,FALSE,TRUE,FALSE,FALSE,
532,Orryn,Gnome,Male,,FALSE,TRUE,FALSE,FALSE,
533,Paggen,Gnome,Male,,FALSE,TRUE,FALSE,FALSE,
534,Pallabar,Gnome,Male,,FALSE,TRUE,FALSE,FALSE,
535,Pog,Gnome,Male,,FALSE,TRUE,FALSE,FALSE,
536,Qualen,Gnome,Male,,FALSE,TRUE,FALSE,FALSE,
537,Ribbles,Gnome,Male,,FALSE,TRUE,FALSE,FALSE,
538,Rimple,Gnome,Male,,FALSE,TRUE,FALSE,FALSE,
539,Roondar,Gnome,Male,,FALSE,TRUE,FALSE,FALSE,
540,Sapply,Gnome,Male,,FALSE,TRUE,FALSE,FALSE,
541,Seebo,Gnome,Male,,FALSE,TRUE,FALSE,FALSE,
542,Senteq,Gnome,Male,,FALSE,TRUE,FALSE,FALSE,
543,Sindri,Gnome,Male,,FALSE,TRUE,FALSE,FALSE,
544,Umpen,Gnome,Male,,FALSE,TRUE,FALSE,FALSE,
545,Warryn,Gnome,Male,,FALSE,TRUE,FALSE,FALSE,
546,Wiggens,Gnome,Male,,FALSE,TRUE,FALSE,FALSE,
547,Wobbles,Gnome,Male,,FALSE,TRUE,FALSE,FALSE,
548,Wrenn,Gnome,Male,,FALSE,TRUE,FALSE,FALSE,
549,Zaffrab,Gnome,Male,,FALSE,TRUE,FALSE,FALSE,
550,Zook,Gnome,Male,,FALSE,TRUE,FALSE,FALSE,
551,Abalaba,Gnome,Female,,FALSE,TRUE,FALSE,FALSE,
552,Bimpnottin,Gnome,Female,,FALSE,TRUE,FALSE,FALSE,
553,Breena,Gnome,Female,,FALSE,TRUE,FALSE,FALSE,
554,Buvvie,Gnome,Female,,FALSE,TRUE,FALSE,FALSE,
555,Callybon,Gnome,Female,,FALSE,TRUE,FALSE,FALSE,
556,Caramip,Gnome,Female,,FALSE,TRUE,FALSE,FALSE,
557,Carlin,Gnome,Female,,FALSE,TRUE,FALSE,FALSE,
558,Cumpen,Gnome,Female,,FALSE,TRUE,FALSE,FALSE,
559,Dalaba,Gnome,Female,,FALSE,TRUE,FALSE,FALSE,
560,Donella,Gnome,Female,,FALSE,TRUE,FALSE,FALSE,
561,Duvamil,Gnome,Female,,FALSE,TRUE,FALSE,FALSE,
562,Ella,Gnome,Female,,FALSE,TRUE,FALSE,FALSE,
563,Ellyjoybell,Gnome,Female,,FALSE,TRUE,FALSE,FALSE,
564,Ellywick,Gnome,Female,,FALSE,TRUE,FALSE,FALSE,
565,Enidda,Gnome,Female,,FALSE,TRUE,FALSE,FALSE,
566,Lilli,Gnome,Female,,FALSE,TRUE,FALSE,FALSE,
567,Loopmottin,Gnome,Female,,FALSE,TRUE,FALSE,FALSE,
568,Lorilla,Gnome,Female,,FALSE,TRUE,FALSE,FALSE,
569,Luthra,Gnome,Female,,FALSE,TRUE,FALSE,FALSE,
570,Mardnab,Gnome,Female,,FALSE,TRUE,FALSE,FALSE,
571,Meena,Gnome,Female,,FALSE,TRUE,FALSE,FALSE,
572,Menny,Gnome,Female,,FALSE,TRUE,FALSE,FALSE,
573,Mumpena,Gnome,Female,,FALSE,TRUE,FALSE,FALSE,
574,Nissa,Gnome,Female,,FALSE,TRUE,FALSE,FALSE,
575,Numba,Gnome,Female,,FALSE,TRUE,FALSE,FALSE,
576,Nyx,Gnome,Female,,FALSE,TRUE,FALSE,FALSE,
577,Oda,Gnome,Female,,FALSE,TRUE,FALSE,FALSE,
578,Oppah,Gnome,Female,,FALSE,TRUE,FALSE,FALSE,
579,Orla,Gnome,Female,,FALSE,TRUE,FALSE,FALSE,
580,Panana,Gnome,Female,,FALSE,TRUE,FALSE,FALSE,
581,Pyntle,Gnome,Female,,FALSE,TRUE,FALSE,FALSE,
582,Quilla,Gnome,Female,,FALSE,TRUE,FALSE,FALSE,
583,Ranala,Gnome,Female,,FALSE,TRUE,FALSE,FALSE,
584,Reddlepop,Gnome,Female,,FALSE,TRUE,FALSE,FALSE,
585,Roywyn,Gnome,Female,,FALSE,TRUE,FALSE,FALSE,
586,Salanop,Gnome,Female,,FALSE,TRUE,FALSE,FALSE,
587,Shamil,Gnome,Female,,FALSE,TRUE,FALSE,FALSE,
588,Siffress,Gnome,Female,,FALSE,TRUE,FALSE,FALSE,
589,Symma,Gnome,Female,,FALSE,TRUE,FALSE,FALSE,
590,Tana,Gnome,Female,,FALSE,TRUE,FALSE,FALSE,
591,Tenena,Gnome,Female,,FALSE,TRUE,FALSE,FALSE,
592,Tervaround,Gnome,Female,,FALSE,TRUE,FALSE,FALSE,
593,Tippletoe,Gnome,Female,,FALSE,TRUE,FALSE,FALSE,
594,Ulla,Gnome,Female,,FALSE,TRUE,FALSE,FALSE,
595,Unvera,Gnome,Female,,FALSE,TRUE,FALSE,FALSE,
596,Veloptima,Gnome,Female,,FALSE,TRUE,FALSE,FALSE,
597,Virra,Gnome,Female,,FALSE,TRUE,FALSE,FALSE,
598,Waywocket,Gnome,Female,,FALSE,TRUE,FALSE,FALSE,
599,Yebe,Gnome,Female,,FALSE,TRUE,FALSE,FALSE,
600,Zanna,Gnome,Female,,FALSE,TRUE,FALSE,FALSE,
601,Albaratie,Gnome,any,,FALSE,FALSE,FALSE,TRUE,
602,Bafflestone,Gnome,any,,FALSE,FALSE,FALSE,TRUE,
603,Beren,Gnome,any,,FALSE,FALSE,FALSE,TRUE,
604,Boondiggles,Gnome,any,,FALSE,FALSE,FALSE,TRUE,
605,Cobblelob,Gnome,any,,FALSE,FALSE,FALSE,TRUE,
606,Daergel,Gnome,any,,FALSE,FALSE,FALSE,TRUE,
607,Dunben,Gnome,any,,FALSE,FALSE,FALSE,TRUE,
608,Fabblestabble,Gnome,any,,FALSE,FALSE,FALSE,TRUE,
609,Fapplestamp,Gnome,any,,FALSE,FALSE,FALSE,TRUE,
610,Fiddlefen,Gnome,any,,FALSE,FALSE,FALSE,TRUE,
611,Folkor,Gnome,any,,FALSE,FALSE,FALSE,TRUE,
612,Garrick,Gnome,any,,FALSE,FALSE,FALSE,TRUE,
613,Gimlen,Gnome,any,,FALSE,FALSE,FALSE,TRUE,
614,Glittergem,Gnome,any,,FALSE,FALSE,FALSE,TRUE,
615,Gobblefirn,Gnome,any,,FALSE,FALSE,FALSE,TRUE,
616,Gummen,Gnome,any,,FALSE,FALSE,FALSE,TRUE,
617,Horcusporcus,Gnome,any,,FALSE,FALSE,FALSE,TRUE,
618,Gumblebumple,Gnome,any,,FALSE,FALSE,FALSE,TRUE,
619,Ironhide,Gnome,any,,FALSE,FALSE,FALSE,TRUE,
620,Leffery,Gnome,any,,FALSE,FALSE,FALSE,TRUE,
621,Lingenhall,Gnome,any,,FALSE,FALSE,FALSE,TRUE,
622,Loofollue,Gnome,any,,FALSE,FALSE,FALSE,TRUE,
623,Maekkelferce,Gnome,any,,FALSE,FALSE,FALSE,TRUE,
624,Miggledy,Gnome,any,,FALSE,FALSE,FALSE,TRUE,
625,Munggen,Gnome,any,,FALSE,FALSE,FALSE,TRUE,
626,Murnig,Gnome,any,,FALSE,FALSE,FALSE,TRUE,
627,Musgraben,Gnome,any,,FALSE,FALSE,FALSE,TRUE,
628,Nackle,Gnome,any,,FALSE,FALSE,FALSE,TRUE,
629,Ningel,Gnome,any,,FALSE,FALSE,FALSE,TRUE,
630,Nopenstallen,Gnome,any,,FALSE,FALSE,FALSE,TRUE,
631,Nucklestamp,Gnome,any,,FALSE,FALSE,FALSE,TRUE,
632,Offund,Gnome,any,,FALSE,FALSE,FALSE,TRUE,
633,Oomtrowl,Gnome,any,,FALSE,FALSE,FALSE,TRUE,
634,Pilwicken,Gnome,any,,FALSE,FALSE,FALSE,TRUE,
635,Pingun,Gnome,any,,FALSE,FALSE,FALSE,TRUE,
636,Quillsharpener,Gnome,any,,FALSE,FALSE,FALSE,TRUE,
637,Raulnor,Gnome,any,,FALSE,FALSE,FALSE,TRUE,
638,Reese,Gnome,any,,FALSE,FALSE,FALSE,TRUE,
639,Rofferton,Gnome,any,,FALSE,FALSE,FALSE,TRUE,
640,Scheppen,Gnome,any,,FALSE,FALSE,FALSE,TRUE,
641,Shadowcloak,Gnome,any,,FALSE,FALSE,FALSE,TRUE,
642,Silverthread,Gnome,any,,FALSE,FALSE,FALSE,TRUE,
643,Sympony,Gnome,any,,FALSE,FALSE,FALSE,TRUE,
644,Tarkelby,Gnome,any,,FALSE,FALSE,FALSE,TRUE,
645,Timbers,Gnome,any,,FALSE,FALSE,FALSE,TRUE,
646,Turen,Gnome,any,,FALSE,FALSE,FALSE,TRUE,
647,Umbodoben,Gnome,any,,FALSE,FALSE,FALSE,TRUE,
648,Waggletop,Gnome,any,,FALSE,FALSE,FALSE,TRUE,
649,Welber,Gnome,any,,FALSE,FALSE,FALSE,TRUE,
650,Wildwander,Gnome,any,,FALSE,FALSE,FALSE,TRUE,
651,Alton,Halfling,Male,,FALSE,TRUE,FALSE,FALSE,
652,Ander,Halfling,Male,,FALSE,TRUE,FALSE,FALSE,
653,Bernie,Halfling,Male,,FALSE,TRUE,FALSE,FALSE,
654,Bobbin,Halfling,Male,,FALSE,TRUE,FALSE,FALSE,
655,Cade,Halfling,Male,,FALSE,TRUE,FALSE,FALSE,
656,Callus,Halfling,Male,,FALSE,TRUE,FALSE,FALSE,
657,Corrin,Halfling,Male,,FALSE,TRUE,FALSE,FALSE,
658,Dannad,Halfling,Male,,FALSE,TRUE,FALSE,FALSE,
659,Danniel,Halfling,Male,,FALSE,TRUE,FALSE,FALSE,
660,Eddie,Halfling,Male,,FALSE,TRUE,FALSE,FALSE,
661,Egart,Halfling,Male,,FALSE,TRUE,FALSE,FALSE,
662,Edldon,Halfling,Male,,FALSE,TRUE,FALSE,FALSE,
663,Errich,Halfling,Male,,FALSE,TRUE,FALSE,FALSE,
664,Fildo,Halfling,Male,,FALSE,TRUE,FALSE,FALSE,
665,Finnan,Halfling,Male,,FALSE,TRUE,FALSE,FALSE,
666,Franklin,Halfling,Male,,FALSE,TRUE,FALSE,FALSE,
667,Garret,Halfling,Male,,FALSE,TRUE,FALSE,FALSE,
668,Garth,Halfling,Male,,FALSE,TRUE,FALSE,FALSE,
669,Gilbert,Halfling,Male,,FALSE,TRUE,FALSE,FALSE,
670,Gob,Halfling,Male,,FALSE,TRUE,FALSE,FALSE,
671,Harol,Halfling,Male,,FALSE,TRUE,FALSE,FALSE,
672,igor,Halfling,Male,,FALSE,TRUE,FALSE,FALSE,
673,Jasper,Halfling,Male,,FALSE,TRUE,FALSE,FALSE,
674,Keith,Halfling,Male,,FALSE,TRUE,FALSE,FALSE,
675,Kevin,Halfling,Male,,FALSE,TRUE,FALSE,FALSE,
676,Lazam,Halfling,Male,,FALSE,TRUE,FALSE,FALSE,
677,Lerry,Halfling,Male,,FALSE,TRUE,FALSE,FALSE,
678,Lindal,Halfling,Male,,FALSE,TRUE,FALSE,FALSE,
679,Lyle,Halfling,Male,,FALSE,TRUE,FALSE,FALSE,
680,Merric,Halfling,Male,,FALSE,TRUE,FALSE,FALSE,
681,Mican,Halfling,Male,,FALSE,TRUE,FALSE,FALSE,
682,Milo,Halfling,Male,,FALSE,TRUE,FALSE,FALSE,
683,Morrin,Halfling,Male,,FALSE,TRUE,FALSE,FALSE,
684,Nebin,Halfling,Male,,FALSE,TRUE,FALSE,FALSE,
685,Nevil,Halfling,Male,,FALSE,TRUE,FALSE,FALSE,
686,Osborn,Halfling,Male,,FALSE,TRUE,FALSE,FALSE,
687,Ostran,Halfling,Male,,FALSE,TRUE,FALSE,FALSE,
688,Oswalt,Halfling,Male,,FALSE,TRUE,FALSE,FALSE,
689,Perrin,Halfling,Male,,FALSE,TRUE,FALSE,FALSE,
690,Poppy,Halfling,Male,,FALSE,TRUE,FALSE,FALSE,
691,Reed,Halfling,Male,,FALSE,TRUE,FALSE,FALSE,
692,Roscoe,Halfling,Male,,FALSE,TRUE,FALSE,FALSE,
693,Sam,Halfling,Male,,FALSE,TRUE,FALSE,FALSE,
694,Shardon,Halfling,Male,,FALSE,TRUE,FALSE,FALSE,
695,Tye,Halfling,Male,,FALSE,TRUE,FALSE,FALSE,
696,Ulmo,Halfling,Male,,FALSE,TRUE,FALSE,FALSE,
697,Wellby,Halfling,Male,,FALSE,TRUE,FALSE,FALSE,
698,Wendel,Halfling,Male,,FALSE,TRUE,FALSE,FALSE,
699,Wenner,Halfling,Male,,FALSE,TRUE,FALSE,FALSE,
700,Wes,Halfling,Male,,FALSE,TRUE,FALSE,FALSE,
701,Alain,Halfling,Female,,FALSE,TRUE,FALSE,FALSE,
702,Andry,Halfling,Female,,FALSE,TRUE,FALSE,FALSE,
703,Anne,Halfling,Female,,FALSE,TRUE,FALSE,FALSE,
704,Bella,Halfling,Female,,FALSE,TRUE,FALSE,FALSE,
705,Blossom,Halfling,Female,,FALSE,TRUE,FALSE,FALSE,
706,Bree,Halfling,Female,,FALSE,TRUE,FALSE,FALSE,
707,Callie,Halfling,Female,,FALSE,TRUE,FALSE,FALSE,
708,Chenna,Halfling,Female,,FALSE,TRUE,FALSE,FALSE,
709,Cora,Halfling,Female,,FALSE,TRUE,FALSE,FALSE,
710,Dee,Halfling,Female,,FALSE,TRUE,FALSE,FALSE,
711,Dell,Halfling,Female,,FALSE,TRUE,FALSE,FALSE,
712,Eida,Halfling,Female,,FALSE,TRUE,FALSE,FALSE,
713,Eran,Halfling,Female,,FALSE,TRUE,FALSE,FALSE,
714,Euphemia,Halfling,Female,,FALSE,TRUE,FALSE,FALSE,
715,Georgina,Halfling,Female,,FALSE,TRUE,FALSE,FALSE,
716,Gynnie,Halfling,Female,,FALSE,TRUE,FALSE,FALSE,
717,Harriet,Halfling,Female,,FALSE,TRUE,FALSE,FALSE,
718,Jasmine,Halfling,Female,,FALSE,TRUE,FALSE,FALSE,
719,Jillian,Halfling,Female,,FALSE,TRUE,FALSE,FALSE,
720,Jo,Halfling,Female,,FALSE,TRUE,FALSE,FALSE,
721,Kithri,Halfling,Female,,FALSE,TRUE,FALSE,FALSE,
722,Lavinia,Halfling,Female,,FALSE,TRUE,FALSE,FALSE,
723,Lidda,Halfling,Female,,FALSE,TRUE,FALSE,FALSE,
724,Maegan,Halfling,Female,,FALSE,TRUE,FALSE,FALSE,
725,Marigold,Halfling,Female,,FALSE,TRUE,FALSE,FALSE,
726,Merla,Halfling,Female,,FALSE,TRUE,FALSE,FALSE,
727,Myria,Halfling,Female,,FALSE,TRUE,FALSE,FALSE,
728,Nedda,Halfling,Female,,FALSE,TRUE,FALSE,FALSE,
729,Nikki,Halfling,Female,,FALSE,TRUE,FALSE,FALSE,
730,Nora,Halfling,Female,,FALSE,TRUE,FALSE,FALSE,
731,Olivia,Halfling,Female,,FALSE,TRUE,FALSE,FALSE,
732,Paela,Halfling,Female,,FALSE,TRUE,FALSE,FALSE,
733,Peral,Halfling,Female,,FALSE,TRUE,FALSE,FALSE,
734,Pennie,Halfling,Female,,FALSE,TRUE,FALSE,FALSE,
735,Phlomena,Halfling,Female,,FALSE,TRUE,FALSE,FALSE,
736,Portia,Halfling,Female,,FALSE,TRUE,FALSE,FALSE,
737,Robbie,Halfling,Female,,FALSE,TRUE,FALSE,FALSE,
738,Rose,Halfling,Female,,FALSE,TRUE,FALSE,FALSE,
739,Saral,Halfling,Female,,FALSE,TRUE,FALSE,FALSE,
740,Seraphina,Halfling,Female,,FALSE,TRUE,FALSE,FALSE,
741,Shaena,Halfling,Female,,FALSE,TRUE,FALSE,FALSE,
742,Stacee,Halfling,Female,,FALSE,TRUE,FALSE,FALSE,
743,Tawna,Halfling,Female,,FALSE,TRUE,FALSE,FALSE,
744,Thea,Halfling,Female,,FALSE,TRUE,FALSE,FALSE,
745,Trym,Halfling,Female,,FALSE,TRUE,FALSE,FALSE,
746,Tyna,Halfling,Female,,FALSE,TRUE,FALSE,FALSE,
747,Vani,Halfling,Female,,FALSE,TRUE,FALSE,FALSE,
748,Verna,Halfling,Female,,FALSE,TRUE,FALSE,FALSE,
749,Wella,Halfling,Female,,FALSE,TRUE,FALSE,FALSE,
750,Willow,Halfling,Female,,FALSE,TRUE,FALSE,FALSE,
751,Appleblossom,Halfling,any,,FALSE,FALSE,FALSE,TRUE,
752,Bigheart,Halfling,any,,FALSE,FALSE,FALSE,TRUE,
753,Brightmoon,Halfling,any,,FALSE,FALSE,FALSE,TRUE,
754,Brushgather,Halfling,any,,FALSE,FALSE,FALSE,TRUE,
755,Cherrycheeks,Halfling,any,,FALSE,FALSE,FALSE,TRUE,
756,Copperkettle,Halfling,any,,FALSE,FALSE,FALSE,TRUE,
757,Deephollow,Halfling,any,,FALSE,FALSE,FALSE,TRUE,
758,Elderberry,Halfling,any,,FALSE,FALSE,FALSE,TRUE,
759,Fastfoot,Halfling,any,,FALSE,FALSE,FALSE,TRUE,
760,Fatrabbit,Halfling,any,,FALSE,FALSE,FALSE,TRUE,
761,Glenfellow,Halfling,any,,FALSE,FALSE,FALSE,TRUE,
762,Goldfound,Halfling,any,,FALSE,FALSE,FALSE,TRUE,
763,Goodbarrel,Halfling,any,,FALSE,FALSE,FALSE,TRUE,
764,Goodearth,Halfling,any,,FALSE,FALSE,FALSE,TRUE,
765,Greenbottle,Halfling,any,,FALSE,FALSE,FALSE,TRUE,
766,Greenleaf,Halfling,any,,FALSE,FALSE,FALSE,TRUE,
767,High-hill,Halfling,any,,FALSE,FALSE,FALSE,TRUE,
768,Hilltopple,Halfling,any,,FALSE,FALSE,FALSE,TRUE,
769,Hogcollar,Halfling,any,,FALSE,FALSE,FALSE,TRUE,
770,Honeypot,Halfling,any,,FALSE,FALSE,FALSE,TRUE,
771,Jamjar,Halfling,any,,FALSE,FALSE,FALSE,TRUE,
772,Kettlewhistle,Halfling,any,,FALSE,FALSE,FALSE,TRUE,
773,Leagallow,Halfling,any,,FALSE,FALSE,FALSE,TRUE,
774,Littlefoot,Halfling,any,,FALSE,FALSE,FALSE,TRUE,
775,Nimblefingers,Halfling,any,,FALSE,FALSE,FALSE,TRUE,
776,Porridgepot,Halfling,any,,FALSE,FALSE,FALSE,TRUE,
777,Quickstep,Halfling,any,,FALSE,FALSE,FALSE,TRUE,
778,Reedfellow,Halfling,any,,FALSE,FALSE,FALSE,TRUE,
779,Shadowquick,Halfling,any,,FALSE,FALSE,FALSE,TRUE,
780,Silvereyes,Halfling,any,,FALSE,FALSE,FALSE,TRUE,
781,Smoothhands,Halfling,any,,FALSE,FALSE,FALSE,TRUE,
782,Stonebridge,Halfling,any,,FALSE,FALSE,FALSE,TRUE,
783,Stoutbridge,Halfling,any,,FALSE,FALSE,FALSE,TRUE,
784,Stoutman,Halfling,any,,FALSE,FALSE,FALSE,TRUE,
785,Strongbones,Halfling,any,,FALSE,FALSE,FALSE,TRUE,
786,Sunmeadow,Halfling,any,,FALSE,FALSE,FALSE,TRUE,
787,Swiftwhistle,Halfling,any,,FALSE,FALSE,FALSE,TRUE,
788,Tallfellow,Halfling,any,,FALSE,FALSE,FALSE,TRUE,
789,Tealeaf,Halfling,any,,FALSE,FALSE,FALSE,TRUE,
790,Tenpenny,Halfling,any,,FALSE,FALSE,FALSE,TRUE,
791,Thistletop,Halfling,any,,FALSE,FALSE,FALSE,TRUE,
792,Thorngage,Halfling,any,,FALSE,FALSE,FALSE,TRUE,
793,Tosscobble,Halfling,any,,FALSE,FALSE,FALSE,TRUE,
794,Underbough,Halfling,any,,FALSE,FALSE,FALSE,TRUE,
795,Underfoot,Halfling,any,,FALSE,FALSE,FALSE,TRUE,
796,Warmwater,Halfling,any,,FALSE,FALSE,FALSE,TRUE,
797,Whispermouse,Halfling,any,,FALSE,FALSE,FALSE,TRUE,
798,Wildcloak,Halfling,any,,FALSE,FALSE,FALSE,TRUE,
799,Wildheart,Halfling,any,,FALSE,FALSE,FALSE,TRUE,
800,Wiseacre,Halfling,any,,FALSE,FALSE,FALSE,TRUE,
801,Argran,Half-Orc,Male,,FALSE,TRUE,FALSE,FALSE,
802,Braak,Half-Orc,Male,,FALSE,TRUE,FALSE,FALSE,
803,Brug,Half-Orc,Male,,FALSE,TRUE,FALSE,FALSE,
804,Cagak,Half-Orc,Male,,FALSE,TRUE,FALSE,FALSE,
805,Dench,Half-Orc,Male,,FALSE,TRUE,FALSE,FALSE,
806,Dorn,Half-Orc,Male,,FALSE,TRUE,FALSE,FALSE,
807,Dren,Half-Orc,Male,,FALSE,TRUE,FALSE,FALSE,
808,Druuk,Half-Orc,Male,,FALSE,TRUE,FALSE,FALSE,
809,Feng,Half-Orc,Male,,FALSE,TRUE,FALSE,FALSE,
810,Gell,Half-Orc,Male,,FALSE,TRUE,FALSE,FALSE,
811,Gnarsh,Half-Orc,Male,,FALSE,TRUE,FALSE,FALSE,
812,Grumbar,Half-Orc,Male,,FALSE,TRUE,FALSE,FALSE,
813,Gubrash,Half-Orc,Male,,FALSE,TRUE,FALSE,FALSE,
814,Hagren,Half-Orc,Male,,FALSE,TRUE,FALSE,FALSE,
815,Henk,Half-Orc,Male,,FALSE,TRUE,FALSE,FALSE,
816,Hogar,Half-Orc,Male,,FALSE,TRUE,FALSE,FALSE,
817,Holg,Half-Orc,Male,,FALSE,TRUE,FALSE,FALSE,
818,Imsh,Half-Orc,Male,,FALSE,TRUE,FALSE,FALSE,
819,Karash,Half-Orc,Male,,FALSE,TRUE,FALSE,FALSE,
820,Karg,Half-Orc,Male,,FALSE,TRUE,FALSE,FALSE,
821,Keth,Half-Orc,Male,,FALSE,TRUE,FALSE,FALSE,
822,Korag,Half-Orc,Male,,FALSE,TRUE,FALSE,FALSE,
823,Krusk,Half-Orc,Male,,FALSE,TRUE,FALSE,FALSE,
824,Lubash,Half-Orc,Male,,FALSE,TRUE,FALSE,FALSE,
825,Megged,Half-Orc,Male,,FALSE,TRUE,FALSE,FALSE,
826,Mhurren,Half-Orc,Male,,FALSE,TRUE,FALSE,FALSE,
827,Mord,Half-Orc,Male,,FALSE,TRUE,FALSE,FALSE,
828,Morg,Half-Orc,Male,,FALSE,TRUE,FALSE,FALSE,
829,Nil,Half-Orc,Male,,FALSE,TRUE,FALSE,FALSE,
830,Nybarg,Half-Orc,Male,,FALSE,TRUE,FALSE,FALSE,
831,Odorr,Half-Orc,Male,,FALSE,TRUE,FALSE,FALSE,
832,Ohr,Half-Orc,Male,,FALSE,TRUE,FALSE,FALSE,
833,Rendar,Half-Orc,Male,,FALSE,TRUE,FALSE,FALSE,
834,Resh,Half-Orc,Male,,FALSE,TRUE,FALSE,FALSE,
835,Ront,Half-Orc,Male,,FALSE,TRUE,FALSE,FALSE,
836,Rrath,Half-Orc,Male,,FALSE,TRUE,FALSE,FALSE,
837,Sark,Half-Orc,Male,,FALSE,TRUE,FALSE,FALSE,
838,Scrag,Half-Orc,Male,,FALSE,TRUE,FALSE,FALSE,
839,Sheggen,Half-Orc,Male,,FALSE,TRUE,FALSE,FALSE,
840,Shump,Half-Orc,Male,,FALSE,TRUE,FALSE,FALSE,
841,Tanglar,Half-Orc,Male,,FALSE,TRUE,FALSE,FALSE,
842,Tarak,Half-Orc,Male,,FALSE,TRUE,FALSE,FALSE,
843,Thar,Half-Orc,Male,,FALSE,TRUE,FALSE,FALSE,
844,Thokk,Half-Orc,Male,,FALSE,TRUE,FALSE,FALSE,
845,Trag,Half-Orc,Male,,FALSE,TRUE,FALSE,FALSE,
846,Ugarth,Half-Orc,Male,,FALSE,TRUE,FALSE,FALSE,
847,Varg,Half-Orc,Male,,FALSE,TRUE,FALSE,FALSE,
848,Vilberg,Half-Orc,Male,,FALSE,TRUE,FALSE,FALSE,
849,Yurk,Half-Orc,Male,,FALSE,TRUE,FALSE,FALSE,
850,Zeg,Half-Orc,Male,,FALSE,TRUE,FALSE,FALSE,
851,Arha,Half-Orc,Female,,FALSE,TRUE,FALSE,FALSE,
852,Baggi,Half-Orc,Female,,FALSE,TRUE,FALSE,FALSE,
853,Bendoo,Half-Orc,Female,,FALSE,TRUE,FALSE,FALSE,
854,Bilga,Half-Orc,Female,,FALSE,TRUE,FALSE,FALSE,
855,Brakka,Half-Orc,Female,,FALSE,TRUE,FALSE,FALSE,
856,Creega,Half-Orc,Female,,FALSE,TRUE,FALSE,FALSE,
857,Drenna,Half-Orc,Female,,FALSE,TRUE,FALSE,FALSE,
858,Ekk,Half-Orc,Female,,FALSE,TRUE,FALSE,FALSE,
859,Emen,Half-Orc,Female,,FALSE,TRUE,FALSE,FALSE,
860,Engong,Half-Orc,Female,,FALSE,TRUE,FALSE,FALSE,
861,Fistula,Half-Orc,Female,,FALSE,TRUE,FALSE,FALSE,
862,Gaaki,Half-Orc,Female,,FALSE,TRUE,FALSE,FALSE,
863,Gorga,Half-Orc,Female,,FALSE,TRUE,FALSE,FALSE,
864,Grai,Half-Orc,Female,,FALSE,TRUE,FALSE,FALSE,
865,Greeba,Half-Orc,Female,,FALSE,TRUE,FALSE,FALSE,
866,Grigi,Half-Orc,Female,,FALSE,TRUE,FALSE,FALSE,
867,Gynk,Half-Orc,Female,,FALSE,TRUE,FALSE,FALSE,
868,Hrathy,Half-Orc,Female,,FALSE,TRUE,FALSE,FALSE,
869,Huru,Half-Orc,Female,,FALSE,TRUE,FALSE,FALSE,
870,Ilga,Half-Orc,Female,,FALSE,TRUE,FALSE,FALSE,
871,Kabbarg,Half-Orc,Female,,FALSE,TRUE,FALSE,FALSE,
872,Kansif,Half-Orc,Female,,FALSE,TRUE,FALSE,FALSE,
873,Lagazi,Half-Orc,Female,,FALSE,TRUE,FALSE,FALSE,
874,Lezre,Half-Orc,Female,,FALSE,TRUE,FALSE,FALSE,
875,Murgen,Half-Orc,Female,,FALSE,TRUE,FALSE,FALSE,
876,Murook,Half-Orc,Female,,FALSE,TRUE,FALSE,FALSE,
877,Myev,Half-Orc,Female,,FALSE,TRUE,FALSE,FALSE,
878,Nagrette,Half-Orc,Female,,FALSE,TRUE,FALSE,FALSE,
879,Neega,Half-Orc,Female,,FALSE,TRUE,FALSE,FALSE,
880,Nella,Half-Orc,Female,,FALSE,TRUE,FALSE,FALSE,
881,Nogu,Half-Orc,Female,,FALSE,TRUE,FALSE,FALSE,
882,Oolah,Half-Orc,Female,,FALSE,TRUE,FALSE,FALSE,
883,Ootah,Half-Orc,Female,,FALSE,TRUE,FALSE,FALSE,
884,Ovak,Half-Orc,Female,,FALSE,TRUE,FALSE,FALSE,
885,Ownka,Half-Orc,Female,,FALSE,TRUE,FALSE,FALSE,
886,Puyet,Half-Orc,Female,,FALSE,TRUE,FALSE,FALSE,
887,Reeza,Half-Orc,Female,,FALSE,TRUE,FALSE,FALSE,
888,Shautha,Half-Orc,Female,,FALSE,TRUE,FALSE,FALSE,
889,Silgre,Half-Orc,Female,,FALSE,TRUE,FALSE,FALSE,
890,Sutha,Half-Orc,Female,,FALSE,TRUE,FALSE,FALSE,
891,Tagga,Half-Orc,Female,,FALSE,TRUE,FALSE,FALSE,
892,Tawar,Half-Orc,Female,,FALSE,TRUE,FALSE,FALSE,
893,Tomph,Half-Orc,Female,,FALSE,TRUE,FALSE,FALSE,
894,Ubada,Half-Orc,Female,,FALSE,TRUE,FALSE,FALSE,
895,Vanchu,Half-Orc,Female,,FALSE,TRUE,FALSE,FALSE,
896,Vola,Half-Orc,Female,,FALSE,TRUE,FALSE,FALSE,
897,Volen,Half-Orc,Female,,FALSE,TRUE,FALSE,FALSE,
898,Vorka,Half-Orc,Female,,FALSE,TRUE,FALSE,FALSE,
899,Yevelda,Half-Orc,Female,,FALSE,TRUE,FALSE,FALSE,
900,Zagga,Half-Orc,Female,,FALSE,TRUE,FALSE,FALSE,
901,Abad,Tiefling,Male,,FALSE,TRUE,FALSE,FALSE,
902,Ahrim,Tiefling,Male,,FALSE,TRUE,FALSE,FALSE,
903,Akmen,Tiefling,Male,,FALSE,TRUE,FALSE,FALSE,
904,Amnon,Tiefling,Male,,FALSE,TRUE,FALSE,FALSE,
905,Andram,Tiefling,Male,,FALSE,TRUE,FALSE,FALSE,
906,Astar,Tiefling,Male,,FALSE,TRUE,FALSE,FALSE,
907,Balam,Tiefling,Male,,FALSE,TRUE,FALSE,FALSE,
908,Barakas,Tiefling,Male,,FALSE,TRUE,FALSE,FALSE,
909,Bathin,Tiefling,Male,,FALSE,TRUE,FALSE,FALSE,
910,Caim,Tiefling,Male,,FALSE,TRUE,FALSE,FALSE,
911,Chem,Tiefling,Male,,FALSE,TRUE,FALSE,FALSE,
912,Cimer,Tiefling,Male,,FALSE,TRUE,FALSE,FALSE,
913,Cressel,Tiefling,Male,,FALSE,TRUE,FALSE,FALSE,
914,Damakos,Tiefling,Male,,FALSE,TRUE,FALSE,FALSE,
915,Ekemon,Tiefling,Male,,FALSE,TRUE,FALSE,FALSE,
916,Euron,Tiefling,Male,,FALSE,TRUE,FALSE,FALSE,
917,Fenriz,Tiefling,Male,,FALSE,TRUE,FALSE,FALSE,
918,Forcas,Tiefling,Male,,FALSE,TRUE,FALSE,FALSE,
919,Habor,Tiefling,Male,,FALSE,TRUE,FALSE,FALSE,
920,Iados,Tiefling,Male,,FALSE,TRUE,FALSE,FALSE,
921,Kairon,Tiefling,Male,,FALSE,TRUE,FALSE,FALSE,
922,Leucis,Tiefling,Male,,FALSE,TRUE,FALSE,FALSE,
923,Mamnen,Tiefling,Male,,FALSE,TRUE,FALSE,FALSE,
924,Mantus,Tiefling,Male,,FALSE,TRUE,FALSE,FALSE,
925,Marbas,Tiefling,Male,,FALSE,TRUE,FALSE,FALSE,
926,Melech,Tiefling,Male,,FALSE,TRUE,FALSE,FALSE,
927,Merihim,Tiefling,Male,,FALSE,TRUE,FALSE,FALSE,
928,Modean,Tiefling,Male,,FALSE,TRUE,FALSE,FALSE,
929,Mordai,Tiefling,Male,,FALSE,TRUE,FALSE,FALSE,
930,Mormo,Tiefling,Male,,FALSE,TRUE,FALSE,FALSE,
931,Morthos,Tiefling,Male,,FALSE,TRUE,FALSE,FALSE,
932,Nicor,Tiefling,Male,,FALSE,TRUE,FALSE,FALSE,
933,Nirgel,Tiefling,Male,,FALSE,TRUE,FALSE,FALSE,
934,Oriax,Tiefling,Male,,FALSE,TRUE,FALSE,FALSE,
935,Paymon,Tiefling,Male,,FALSE,TRUE,FALSE,FALSE,
936,Pelaios,Tiefling,Male,,FALSE,TRUE,FALSE,FALSE,
937,Purson,Tiefling,Male,,FALSE,TRUE,FALSE,FALSE,
938,Qemuel,Tiefling,Male,,FALSE,TRUE,FALSE,FALSE,
939,Raam,Tiefling,Male,,FALSE,TRUE,FALSE,FALSE,
940,Rimmon,Tiefling,Male,,FALSE,TRUE,FALSE,FALSE,
941,Sammal,Tiefling,Male,,FALSE,TRUE,FALSE,FALSE,
942,Skamos,Tiefling,Male,,FALSE,TRUE,FALSE,FALSE,
943,Tethren,Tiefling,Male,,FALSE,TRUE,FALSE,FALSE,
944,Thamuz,Tiefling,Male,,FALSE,TRUE,FALSE,FALSE,
945,Therai,Tiefling,Male,,FALSE,TRUE,FALSE,FALSE,
946,Valafar,Tiefling,Male,,FALSE,TRUE,FALSE,FALSE,
947,Vassago,Tiefling,Male,,FALSE,TRUE,FALSE,FALSE,
948,Xappan,Tiefling,Male,,FALSE,TRUE,FALSE,FALSE,
949,Zepar,Tiefling,Male,,FALSE,TRUE,FALSE,FALSE,
950,Zephan,Tiefling,Male,,FALSE,TRUE,FALSE,FALSE,
951,Akta,Tiefling,Female,,FALSE,TRUE,FALSE,FALSE,
952,Anakis,Tiefling,Female,,FALSE,TRUE,FALSE,FALSE,
953,Armara,Tiefling,Female,,FALSE,TRUE,FALSE,FALSE,
954,Astaro,Tiefling,Female,,FALSE,TRUE,FALSE,FALSE,
955,Aym,Tiefling,Female,,FALSE,TRUE,FALSE,FALSE,
956,Azza,Tiefling,Female,,FALSE,TRUE,FALSE,FALSE,
957,Beleth,Tiefling,Female,,FALSE,TRUE,FALSE,FALSE,
958,Bryseis,Tiefling,Female,,FALSE,TRUE,FALSE,FALSE,
959,Bune,Tiefling,Female,,FALSE,TRUE,FALSE,FALSE,
960,Criella,Tiefling,Female,,FALSE,TRUE,FALSE,FALSE,
961,Damaia,Tiefling,Female,,FALSE,TRUE,FALSE,FALSE,
962,Decarabia,Tiefling,Female,,FALSE,TRUE,FALSE,FALSE,
963,Ea,Tiefling,Female,,FALSE,TRUE,FALSE,FALSE,
964,Gadreel,Tiefling,Female,,FALSE,TRUE,FALSE,FALSE,
965,Gomory,Tiefling,Female,,FALSE,TRUE,FALSE,FALSE,
966,Hecat,Tiefling,Female,,FALSE,TRUE,FALSE,FALSE,
967,Ishte,Tiefling,Female,,FALSE,TRUE,FALSE,FALSE,
968,Jezebeth,Tiefling,Female,,FALSE,TRUE,FALSE,FALSE,
969,Kali,Tiefling,Female,,FALSE,TRUE,FALSE,FALSE,
970,Kallista,Tiefling,Female,,FALSE,TRUE,FALSE,FALSE,
971,Kasdeya,Tiefling,Female,,FALSE,TRUE,FALSE,FALSE,
972,Lerissa,Tiefling,Female,,FALSE,TRUE,FALSE,FALSE,
973,Lilith,Tiefling,Female,,FALSE,TRUE,FALSE,FALSE,
974,Makaria,Tiefling,Female,,FALSE,TRUE,FALSE,FALSE,
975,Manea,Tiefling,Female,,FALSE,TRUE,FALSE,FALSE,
976,Markosian,Tiefling,Female,,FALSE,TRUE,FALSE,FALSE,
977,Mastema,Tiefling,Female,,FALSE,TRUE,FALSE,FALSE,
978,Naamah,Tiefling,Female,,FALSE,TRUE,FALSE,FALSE,
979,Nemeia,Tiefling,Female,,FALSE,TRUE,FALSE,FALSE,
980,Nija,Tiefling,Female,,FALSE,TRUE,FALSE,FALSE,
981,Orianna,Tiefling,Female,,FALSE,TRUE,FALSE,FALSE,
982,Osah,Tiefling,Female,,FALSE,TRUE,FALSE,FALSE,
983,Phelaia,Tiefling,Female,,FALSE,TRUE,FALSE,FALSE,
984,Prosperine,Tiefling,Female,,FALSE,TRUE,FALSE,FALSE,
985,Purah,Tiefling,Female,,FALSE,TRUE,FALSE,FALSE,
986,Pyra,Tiefling,Female,,FALSE,TRUE,FALSE,FALSE,
987,Rieta,Tiefling,Female,,FALSE,TRUE,FALSE,FALSE,
988,Ronobe,Tiefling,Female,,FALSE,TRUE,FALSE,FALSE,
989,Ronwe,Tiefling,Female,,FALSE,TRUE,FALSE,FALSE,
990,Seddit,Tiefling,Female,,FALSE,TRUE,FALSE,FALSE,
991,Seere,Tiefling,Female,,FALSE,TRUE,FALSE,FALSE,
992,Sekhmet,Tiefling,Female,,FALSE,TRUE,FALSE,FALSE,
993,Semyaza,Tiefling,Female,,FALSE,TRUE,FALSE,FALSE,
994,Shava,Tiefling,Female,,FALSE,TRUE,FALSE,FALSE,
995,Shax,Tiefling,Female,,FALSE,TRUE,FALSE,FALSE,
996,Sorath,Tiefling,Female,,FALSE,TRUE,FALSE,FALSE,
997,Uzza,Tiefling,Female,,FALSE,TRUE,FALSE,FALSE,
998,Vapula,Tiefling,Female,,FALSE,TRUE,FALSE,FALSE,
999,Vepar,Tiefling,Female,,FALSE,TRUE,FALSE,FALSE,
1000,Verin,Tiefling,Female,,FALSE,TRUE,FALSE,FALSE,
1001,Ambition,Tiefling,any,,FALSE,TRUE,FALSE,FALSE,
1002,Art,Tiefling,any,,FALSE,TRUE,FALSE,FALSE,
1003,Carrion,Tiefling,any,,FALSE,TRUE,FALSE,FALSE,
1004,Chant,Tiefling,any,,FALSE,TRUE,FALSE,FALSE,
1005,Creed,Tiefling,any,,FALSE,TRUE,FALSE,FALSE,
1006,Death,Tiefling,any,,FALSE,TRUE,FALSE,FALSE,
1007,Debauchery,Tiefling,any,,FALSE,TRUE,FALSE,FALSE,
1008,Despair,Tiefling,any,,FALSE,TRUE,FALSE,FALSE,
1009,Doom,Tiefling,any,,FALSE,TRUE,FALSE,FALSE,
1010,Doubt,Tiefling,any,,FALSE,TRUE,FALSE,FALSE,
1011,Dread,Tiefling,any,,FALSE,TRUE,FALSE,FALSE,
1012,Ecstasy,Tiefling,any,,FALSE,TRUE,FALSE,FALSE,
1013,Ennui,Tiefling,any,,FALSE,TRUE,FALSE,FALSE,
1014,Entropy,Tiefling,any,,FALSE,TRUE,FALSE,FALSE,
1015,Excellence,Tiefling,any,,FALSE,TRUE,FALSE,FALSE,
1016,Fear,Tiefling,any,,FALSE,TRUE,FALSE,FALSE,
1017,Glory,Tiefling,any,,FALSE,TRUE,FALSE,FALSE,
1018,Gluttony,Tiefling,any,,FALSE,TRUE,FALSE,FALSE,
1019,Grief,Tiefling,any,,FALSE,TRUE,FALSE,FALSE,
1020,Hate,Tiefling,any,,FALSE,TRUE,FALSE,FALSE,
1021,Hope,Tiefling,any,,FALSE,TRUE,FALSE,FALSE,
1022,Horror,Tiefling,any,,FALSE,TRUE,FALSE,FALSE,
1023,Ideal,Tiefling,any,,FALSE,TRUE,FALSE,FALSE,
1024,Ignominy,Tiefling,any,,FALSE,TRUE,FALSE,FALSE,
1025,Laughter,Tiefling,any,,FALSE,TRUE,FALSE,FALSE,
1026,Love,Tiefling,any,,FALSE,TRUE,FALSE,FALSE,
1027,Lust,Tiefling,any,,FALSE,TRUE,FALSE,FALSE,
1028,Mayhem,Tiefling,any,,FALSE,TRUE,FALSE,FALSE,
1029,Mockery,Tiefling,any,,FALSE,TRUE,FALSE,FALSE,
1030,Murder,Tiefling,any,,FALSE,TRUE,FALSE,FALSE,
1031,Muse,Tiefling,any,,FALSE,TRUE,FALSE,FALSE,
1032,Music,Tiefling,any,,FALSE,TRUE,FALSE,FALSE,
1033,Mystery,Tiefling,any,,FALSE,TRUE,FALSE,FALSE,
1034,Nowhere,Tiefling,any,,FALSE,TRUE,FALSE,FALSE,
1035,Open,Tiefling,any,,FALSE,TRUE,FALSE,FALSE,
1036,Pain,Tiefling,any,,FALSE,TRUE,FALSE,FALSE,
1037,Passion,Tiefling,any,,FALSE,TRUE,FALSE,FALSE,
1038,Poetry,Tiefling,any,,FALSE,TRUE,FALSE,FALSE,
1039,Quest,Tiefling,any,,FALSE,TRUE,FALSE,FALSE,
1040,Random,Tiefling,any,,FALSE,TRUE,FALSE,FALSE,
1041,Reverence,Tiefling,any,,FALSE,TRUE,FALSE,FALSE,
1042,Revulsion,Tiefling,any,,FALSE,TRUE,FALSE,FALSE,
1043,Sorrow,Tiefling,any,,FALSE,TRUE,FALSE,FALSE,
1044,Temerity,Tiefling,any,,FALSE,TRUE,FALSE,FALSE,
1045,Torment,Tiefling,any,,FALSE,TRUE,FALSE,FALSE,
1046,Tragedy,Tiefling,any,,FALSE,TRUE,FALSE,FALSE,
1047,Vice,Tiefling,any,,FALSE,TRUE,FALSE,FALSE,
1048,Virtue,Tiefling,any,,FALSE,TRUE,FALSE,FALSE,
1049,Weary,Tiefling,any,,FALSE,TRUE,FALSE,FALSE,
1050,Wit,Tiefling,any,,FALSE,TRUE,FALSE,FALSE,
1051,Aseir,Human,Male,Calishite,FALSE,TRUE,FALSE,FALSE,
1052,Bardeid,Human,Male,Calishite,FALSE,TRUE,FALSE,FALSE,
1053,Haseid,Human,Male,Calishite,FALSE,TRUE,FALSE,FALSE,
1054,Khemed,Human,Male,Calishite,FALSE,TRUE,FALSE,FALSE,
1055,Mehmen,Human,Male,Calishite,FALSE,TRUE,FALSE,FALSE,
1056,Suediman,Human,Male,Calishite,FALSE,TRUE,FALSE,FALSE,
1057,Zasheir,Human,Male,Calishite,FALSE,TRUE,FALSE,FALSE,
1058,Atala,Human,Female,Calishite,FALSE,TRUE,FALSE,FALSE,
1059,Ceidil,Human,Female,Calishite,FALSE,TRUE,FALSE,FALSE,
1060,Hama,Human,Female,Calishite,FALSE,TRUE,FALSE,FALSE,
1061,Jasmal,Human,Female,Calishite,FALSE,TRUE,FALSE,FALSE,
1062,Meilil,Human,Female,Calishite,FALSE,TRUE,FALSE,FALSE,
1063,Siepora,Human,Female,Calishite,FALSE,TRUE,FALSE,FALSE,
1064,Yasheira,Human,Female,Calishite,FALSE,TRUE,FALSE,FALSE,
1065,Zasheida,Human,Female,Calishite,FALSE,TRUE,FALSE,FALSE,
1066,Basha,Human,any,Calishite,FALSE,FALSE,FALSE,TRUE,
1067,Dumein,Human,any,Calishite,FALSE,FALSE,FALSE,TRUE,
1068,Jassan,Human,any,Calishite,FALSE,FALSE,FALSE,TRUE,
1069,Khalid,Human,any,Calishite,FALSE,FALSE,FALSE,TRUE,
1070,Mostana,Human,any,Calishite,FALSE,FALSE,FALSE,TRUE,
1071,Pashar,Human,any,Calishite,FALSE,FALSE,FALSE,TRUE,
1072,Rein,Human,any,Calishite,FALSE,FALSE,FALSE,TRUE,
1073,Darvin,Human,Male,Chondathan,FALSE,TRUE,FALSE,FALSE,
1074,Dorn,Human,Male,Chondathan,FALSE,TRUE,FALSE,FALSE,
1075,Evendur,Human,Male,Chondathan,FALSE,TRUE,FALSE,FALSE,
1076,Gorstag,Human,Male,Chondathan,FALSE,TRUE,FALSE,FALSE,
1077,Grim,Human,Male,Chondathan,FALSE,TRUE,FALSE,FALSE,
1078,Helm,Human,Male,Chondathan,FALSE,TRUE,FALSE,FALSE,
1079,Malark,Human,Male,Chondathan,FALSE,TRUE,FALSE,FALSE,
1080,Morn,Human,Male,Chondathan,FALSE,TRUE,FALSE,FALSE,
1081,Randal,Human,Male,Chondathan,FALSE,TRUE,FALSE,FALSE,
1082,Stedd,Human,Male,Chondathan,FALSE,TRUE,FALSE,FALSE,
1083,Arveene,Human,Female,Chondathan,FALSE,TRUE,FALSE,FALSE,
1084,Esvele,Human,Female,Chondathan,FALSE,TRUE,FALSE,FALSE,
1085,Jhessail,Human,Female,Chondathan,FALSE,TRUE,FALSE,FALSE,
1086,Kerri,Human,Female,Chondathan,FALSE,TRUE,FALSE,FALSE,
1087,Lureene,Human,Female,Chondathan,FALSE,TRUE,FALSE,FALSE,
1088,Miri,Human,Female,Chondathan,FALSE,TRUE,FALSE,FALSE,
1089,Roawn,Human,Female,Chondathan,FALSE,TRUE,FALSE,FALSE,
1090,Shandri,Human,Female,Chondathan,FALSE,TRUE,FALSE,FALSE,
1091,Tessele,Human,Female,Chondathan,FALSE,TRUE,FALSE,FALSE,
1092,Amblecrown,Human,any,Chondathan,FALSE,FALSE,FALSE,TRUE,
1093,Buckman,Human,any,Chondathan,FALSE,FALSE,FALSE,TRUE,
1094,Dundragon,Human,any,Chondathan,FALSE,FALSE,FALSE,TRUE,
1095,Evenwood,Human,any,Chondathan,FALSE,FALSE,FALSE,TRUE,
1096,Greycastle,Human,any,Chondathan,FALSE,FALSE,FALSE,TRUE,
1097,Tallstag,Human,any,Chondathan,FALSE,FALSE,FALSE,TRUE,
1098,Bor,Human,Male,Damaran,FALSE,TRUE,FALSE,FALSE,
1099,Fodel,Human,Male,Damaran,FALSE,TRUE,FALSE,FALSE,
1100,Glar,Human,Male,Damaran,FALSE,TRUE,FALSE,FALSE,
1101,Grigor,Human,Male,Damaran,FALSE,TRUE,FALSE,FALSE,
1102,Igan,Human,Male,Damaran,FALSE,TRUE,FALSE,FALSE,
1103,Ivor,Human,Male,Damaran,FALSE,TRUE,FALSE,FALSE,
1104,Kosef,Human,Male,Damaran,FALSE,TRUE,FALSE,FALSE,
1105,Mival,Human,Male,Damaran,FALSE,TRUE,FALSE,FALSE,
1106,Orel,Human,Male,Damaran,FALSE,TRUE,FALSE,FALSE,
1107,Pavel,Human,Male,Damaran,FALSE,TRUE,FALSE,FALSE,
1108,Sergor,Human,Male,Damaran,FALSE,TRUE,FALSE,FALSE,
1109,Alethra,Human,Female,Damaran,FALSE,TRUE,FALSE,FALSE,
1110,Kara,Human,Female,Damaran,FALSE,TRUE,FALSE,FALSE,
1111,Katernin,Human,Female,Damaran,FALSE,TRUE,FALSE,FALSE,
1112,Mara,Human,Female,Damaran,FALSE,TRUE,FALSE,FALSE,
1113,Natali,Human,Female,Damaran,FALSE,TRUE,FALSE,FALSE,
1114,Olma,Human,Female,Damaran,FALSE,TRUE,FALSE,FALSE,
1115,Tana,Human,Female,Damaran,FALSE,TRUE,FALSE,FALSE,
1116,Zora,Human,Female,Damaran,FALSE,TRUE,FALSE,FALSE,
1117,Bersk,Human,any,Damaran,FALSE,FALSE,FALSE,TRUE,
1118,Chernin,Human,any,Damaran,FALSE,FALSE,FALSE,TRUE,
1119,Dotsk,Human,any,Damaran,FALSE,FALSE,FALSE,TRUE,
1120,Kulenov,Human,any,Damaran,FALSE,FALSE,FALSE,TRUE,
1121,Marsk,Human,any,Damaran,FALSE,FALSE,FALSE,TRUE,
1122,Nemetsk,Human,any,Damaran,FALSE,FALSE,FALSE,TRUE,
1123,Shemov,Human,any,Damaran,FALSE,FALSE,FALSE,TRUE,
1124,Starag,Human,any,Damaran,FALSE,FALSE,FALSE,TRUE,
1125,Ander,Human,Male,Illuskan,FALSE,TRUE,FALSE,FALSE,
1126,Blath,Human,Male,Illuskan,FALSE,TRUE,FALSE,FALSE,
1127,Bran,Human,Male,Illuskan,FALSE,TRUE,FALSE,FALSE,
1128,Frath,Human,Male,Illuskan,FALSE,TRUE,FALSE,FALSE,
1129,Geth,Human,Male,Illuskan,FALSE,TRUE,FALSE,FALSE,
1130,Lander,Human,Male,Illuskan,FALSE,TRUE,FALSE,FALSE,
1131,Luth,Human,Male,Illuskan,FALSE,TRUE,FALSE,FALSE,
1132,Malcer,Human,Male,Illuskan,FALSE,TRUE,FALSE,FALSE,
1133,Stor,Human,Male,Illuskan,FALSE,TRUE,FALSE,FALSE,
1134,Taman,Human,Male,Illuskan,FALSE,TRUE,FALSE,FALSE,
1135,Urth,Human,Male,Illuskan,FALSE,TRUE,FALSE,FALSE,
1136,Amafrey,Human,Female,Illuskan,FALSE,TRUE,FALSE,FALSE,
1137,Betha,Human,Female,Illuskan,FALSE,TRUE,FALSE,FALSE,
1138,Cefrey,Human,Female,Illuskan,FALSE,TRUE,FALSE,FALSE,
1139,Kethra,Human,Female,Illuskan,FALSE,TRUE,FALSE,FALSE,
1140,Mara,Human,Female,Illuskan,FALSE,TRUE,FALSE,FALSE,
1141,Olga,Human,Female,Illuskan,FALSE,TRUE,FALSE,FALSE,
1142,Silifrey,Human,Female,Illuskan,FALSE,TRUE,FALSE,FALSE,
1143,Westra,Human,Female,Illuskan,FALSE,TRUE,FALSE,FALSE,
1144,Brightwood,Human,any,Illuskan,FALSE,FALSE,FALSE,TRUE,
1145,Helder,Human,any,Illuskan,FALSE,FALSE,FALSE,TRUE,
1146,Hornraven,Human,any,Illuskan,FALSE,FALSE,FALSE,TRUE,
1147,Lackman,Human,any,Illuskan,FALSE,FALSE,FALSE,TRUE,
1148,Stormwind,Human,any,Illuskan,FALSE,FALSE,FALSE,TRUE,
1149,Windrivver,Human,any,Illuskan,FALSE,FALSE,FALSE,TRUE,
1150,Aoth,Human,Male,Mulan,FALSE,TRUE,FALSE,FALSE,
1151,Bareris,Human,Male,Mulan,FALSE,TRUE,FALSE,FALSE,
1152,Ehput-Ki,Human,Male,Mulan,FALSE,TRUE,FALSE,FALSE,
1153,Kethoth,Human,Male,Mulan,FALSE,TRUE,FALSE,FALSE,
1154,Mumed,Human,Male,Mulan,FALSE,TRUE,FALSE,FALSE,
1155,Ramas,Human,Male,Mulan,FALSE,TRUE,FALSE,FALSE,
1156,So-Kehur,Human,Male,Mulan,FALSE,TRUE,FALSE,FALSE,
1157,Thazar-De,Human,Male,Mulan,FALSE,TRUE,FALSE,FALSE,
1158,Urhur,Human,Male,Mulan,FALSE,TRUE,FALSE,FALSE,
1159,Arizima,Human,Female,Mulan,FALSE,TRUE,FALSE,FALSE,
1160,Chathi,Human,Female,Mulan,FALSE,TRUE,FALSE,FALSE,
1161,Nephis,Human,Female,Mulan,FALSE,TRUE,FALSE,FALSE,
1162,Nulara,Human,Female,Mulan,FALSE,TRUE,FALSE,FALSE,
1163,Murithi,Human,Female,Mulan,FALSE,TRUE,FALSE,FALSE,
1164,Sefris,Human,Female,Mulan,FALSE,TRUE,FALSE,FALSE,
1165,Thola,Human,Female,Mulan,FALSE,TRUE,FALSE,FALSE,
1166,Umara,Human,Female,Mulan,FALSE,TRUE,FALSE,FALSE,
1167,Zolis,Human,Female,Mulan,FALSE,TRUE,FALSE,FALSE,
1168,Ankhalab,Human,any,Mulan,FALSE,FALSE,FALSE,TRUE,
1169,Anskuld,Human,any,Mulan,FALSE,FALSE,FALSE,TRUE,
1170,Fezim,Human,any,Mulan,FALSE,FALSE,FALSE,TRUE,
1171,Hahpet,Human,any,Mulan,FALSE,FALSE,FALSE,TRUE,
1172,Nathandem,Human,any,Mulan,FALSE,FALSE,FALSE,TRUE,
1173,Sepret,Human,any,Mulan,FALSE,FALSE,FALSE,TRUE,
1174,Uuthrakt,Human,any,Mulan,FALSE,FALSE,FALSE,TRUE,
1175,Borivik,Human,Male,Rashemi,FALSE,TRUE,FALSE,FALSE,
1176,Faurgar,Human,Male,Rashemi,FALSE,TRUE,FALSE,FALSE,
1177,Jandar,Human,Male,Rashemi,FALSE,TRUE,FALSE,FALSE,
1178,Kanithar,Human,Male,Rashemi,FALSE,TRUE,FALSE,FALSE,
1179,Madislak,Human,Male,Rashemi,FALSE,TRUE,FALSE,FALSE,
1180,Ralmevik,Human,Male,Rashemi,FALSE,TRUE,FALSE,FALSE,
1181,Shaumar,Human,Male,Rashemi,FALSE,TRUE,FALSE,FALSE,
1182,Vladislak,Human,Male,Rashemi,FALSE,TRUE,FALSE,FALSE,
1183,Fyevarra,Human,Female,Rashemi,FALSE,TRUE,FALSE,FALSE,
1184,Hulmarra,Human,Female,Rashemi,FALSE,TRUE,FALSE,FALSE,
1185,Immith,Human,Female,Rashemi,FALSE,TRUE,FALSE,FALSE,
1186,Imzel,Human,Female,Rashemi,FALSE,TRUE,FALSE,FALSE,
1187,Navarra,Human,Female,Rashemi,FALSE,TRUE,FALSE,FALSE,
1188,Shevarra,Human,Female,Rashemi,FALSE,TRUE,FALSE,FALSE,
1189,Tammith,Human,Female,Rashemi,FALSE,TRUE,FALSE,FALSE,
1190,Yuldra,Human,Female,Rashemi,FALSE,TRUE,FALSE,FALSE,
1191,Chergoba,Human,any,Rashemi,FALSE,FALSE,FALSE,TRUE,
1192,Dyernina,Human,any,Rashemi,FALSE,FALSE,FALSE,TRUE,
1193,Iltazyara,Human,any,Rashemi,FALSE,FALSE,FALSE,TRUE,
1194,Murnyethara,Human,any,Rashemi,FALSE,FALSE,FALSE,TRUE,
1195,Stayanoga,Human,any,Rashemi,FALSE,FALSE,FALSE,TRUE,
1196,Ulmokina,Human,any,Rashemi,FALSE,FALSE,FALSE,TRUE,
1197,An,Human,Male,Shou,FALSE,TRUE,FALSE,FALSE,
1198,Chen,Human,Male,Shou,FALSE,TRUE,FALSE,FALSE,
1199,Chi,Human,Male,Shou,FALSE,TRUE,FALSE,FALSE,
1200,Fai,Human,Male,Shou,FALSE,TRUE,FALSE,FALSE,
1201,Jiang,Human,Male,Shou,FALSE,TRUE,FALSE,FALSE,
1202,Jun,Human,Male,Shou,FALSE,TRUE,FALSE,FALSE,
1203,Lian,Human,Male,Shou,FALSE,TRUE,FALSE,FALSE,
1204,Long,Human,Male,Shou,FALSE,TRUE,FALSE,FALSE,
1205,Meng,Human,Male,Shou,FALSE,TRUE,FALSE,FALSE,
1206,On,Human,Male,Shou,FALSE,TRUE,FALSE,FALSE,
1207,Shan,Human,Male,Shou,FALSE,TRUE,FALSE,FALSE,
1208,Shui,Human,Male,Shou,FALSE,TRUE,FALSE,FALSE,
1209,Wen,Human,Male,Shou,FALSE,TRUE,FALSE,FALSE,
1210,Bai,Human,Female,Shou,FALSE,TRUE,FALSE,FALSE,
1211,Chao,Human,Female,Shou,FALSE,TRUE,FALSE,FALSE,
1212,Jiang,Human,Female,Shou,FALSE,TRUE,FALSE,FALSE,
1213,Lei,Human,Female,Shou,FALSE,TRUE,FALSE,FALSE,
1214,Mei,Human,Female,Shou,FALSE,TRUE,FALSE,FALSE,
1215,Qiao,Human,Female,Shou,FALSE,TRUE,FALSE,FALSE,
1216,Shui,Human,Female,Shou,FALSE,TRUE,FALSE,FALSE,
1217,Tai,Human,Female,Shou,FALSE,TRUE,FALSE,FALSE,
1218,Chien,Human,any,Shou,FALSE,FALSE,FALSE,TRUE,
1219,Huang,Human,any,Shou,FALSE,FALSE,FALSE,TRUE,
1220,Kao,Human,any,Shou,FALSE,FALSE,FALSE,TRUE,
1221,Kung,Human,any,Shou,FALSE,FALSE,FALSE,TRUE,
1222,Lao,Human,any,Shou,FALSE,FALSE,FALSE,TRUE,
1223,Ling,Human,any,Shou,FALSE,FALSE,FALSE,TRUE,
1224,Mei,Human,any,Shou,FALSE,FALSE,FALSE,TRUE,
1225,Pin,Human,any,Shou,FALSE,FALSE,FALSE,TRUE,
1226,Shin,Human,any,Shou,FALSE,FALSE,FALSE,TRUE,
1227,Sum,Human,any,Shou,FALSE,FALSE,FALSE,TRUE,
1228,Tana,Human,any,Shou,FALSE,FALSE,FALSE,TRUE,
1229,Wan,Human,any,Shou,FALSE,FALSE,FALSE,TRUE,
1230,Anton,Human,Male,Turami,FALSE,TRUE,FALSE,FALSE,
1231,Diero,Human,Male,Turami,FALSE,TRUE,FALSE,FALSE,
1232,Marcon,Human,Male,Turami,FALSE,TRUE,FALSE,FALSE,
1233,Pieron,Human,Male,Turami,FALSE,TRUE,FALSE,FALSE,
1234,Rimardo,Human,Male,Turami,FALSE,TRUE,FALSE,FALSE,
1235,Romero,Human,Male,Turami,FALSE,TRUE,FALSE,FALSE,
1236,Salazar,Human,Male,Turami,FALSE,TRUE,FALSE,FALSE,
1237,Umbero,Human,Male,Turami,FALSE,TRUE,FALSE,FALSE,
1238,Balama,Human,Female,Turami,FALSE,TRUE,FALSE,FALSE,
1239,Dona,Human,Female,Turami,FALSE,TRUE,FALSE,FALSE,
1240,Faila,Human,Female,Turami,FALSE,TRUE,FALSE,FALSE,
1241,Jalana,Human,Female,Turami,FALSE,TRUE,FALSE,FALSE,
1242,Luisa,Human,Female,Turami,FALSE,TRUE,FALSE,FALSE,
1243,Marta,Human,Female,Turami,FALSE,TRUE,FALSE,FALSE,
1244,Quara,Human,Female,Turami,FALSE,TRUE,FALSE,FALSE,
1245,Selise,Human,Female,Turami,FALSE,TRUE,FALSE,FALSE,
1246,Vonda,Human,Female,Turami,FALSE,TRUE,FALSE,FALSE,
1247,Agosto,Human,any,Turami,FALSE,FALSE,FALSE,TRUE,
1248,Astorio,Human,any,Turami,FALSE,FALSE,FALSE,TRUE,
1249,Calabra,Human,any,Turami,FALSE,FALSE,FALSE,TRUE,
1250,Domine,Human,any,Turami,FALSE,FALSE,FALSE,TRUE,
1251,Falone,Human,any,Turami,FALSE,FALSE,FALSE,TRUE,
1252,Marivaldi,Human,any,Turami,FALSE,FALSE,FALSE,TRUE,
1253,Pisacar,Human,any,Turami,FALSE,FALSE,FALSE,TRUE,
1254,Ramondo,Human,any,Turami,FALSE,FALSE,FALSE,TRUE,
1255,Aleslosh,Gnome,any,,FALSE,TRUE,TRUE,FALSE,
1256,Ashhearth,Gnome,any,,FALSE,TRUE,TRUE,FALSE,
1257,Badger,Gnome,any,,FALSE,TRUE,TRUE,FALSE,
1258,Cloak,Gnome,any,,FALSE,TRUE,TRUE,FALSE,
1259,Doublelock,Gnome,any,,FALSE,TRUE,TRUE,FALSE,
1260,Filchbatter,Gnome,any,,FALSE,TRUE,TRUE,FALSE,
1261,Fnipper,Gnome,any,,FALSE,TRUE,TRUE,FALSE,
1262,Ku,Gnome,any,,FALSE,TRUE,TRUE,FALSE,
1263,Nim,Gnome,any,,FALSE,TRUE,TRUE,FALSE,
1264,Oneshoe,Gnome,any,,FALSE,TRUE,TRUE,FALSE,
1265,Pock,Gnome,any,,FALSE,TRUE,TRUE,FALSE,
1266,Sparklegem,Gnome,any,,FALSE,TRUE,TRUE,FALSE,
1267,Stumbleduck,Gnome,any,,FALSE,TRUE,TRUE,FALSE,
